{"batch": {"label": "batch", "average_duration": 0.47715347435676453, "n_events": 19599, "total_time": 9351.730943918228}, "batch.accumulate": {"label": "batch.accumulate", "average_duration": 0.0030990016479274193, "n_events": 19599, "total_time": 60.73733329772949}, "batch.backward": {"label": "batch.backward", "average_duration": 0.023078924515118518, "n_events": 19599, "total_time": 452.32384157180786}, "batch.evaluate": {"label": "batch.evaluate", "average_duration": 0.29682804076086106, "n_events": 19599, "total_time": 5817.532770872116}, "batch.forward": {"label": "batch.forward", "average_duration": 0.013988443476623756, "n_events": 19599, "total_time": 274.159503698349}, "batch.process": {"label": "batch.process", "average_duration": 0.3448483495300136, "n_events": 19599, "total_time": 6758.682802438736}, "batch.reduce": {"label": "batch.reduce", "average_duration": 0.010592483295409726, "n_events": 19599, "total_time": 207.60208010673523}, "batch.step": {"label": "batch.step", "average_duration": 0.12163504026782677, "n_events": 19599, "total_time": 2383.925154209137}, "epoch_metrics.collect": {"label": "epoch_metrics.collect", "average_duration": 0.0014325079291757912, "n_events": 99, "total_time": 0.14181828498840332}, "reduce.allreduce": {"label": "reduce.allreduce", "average_duration": 0.009842226606126013, "n_events": 19599, "total_time": 192.89779925346375}, "reduce.flat_pack": {"label": "reduce.flat_pack", "average_duration": 0.0006685410599859645, "n_events": 19599, "total_time": 13.102736234664917}, "test.last": {"label": "test.last", "average_duration": 4.297042680509163, "n_events": 99, "total_time": 425.4072253704071}}