{"batch": {"label": "batch", "average_duration": 0.5147639113948372, "n_events": 19599, "total_time": 10088.857899427414}, "batch.accumulate": {"label": "batch.accumulate", "average_duration": 0.002764292606085355, "n_events": 19599, "total_time": 54.17737078666687}, "batch.backward": {"label": "batch.backward", "average_duration": 0.02393638775649013, "n_events": 19599, "total_time": 469.1292636394501}, "batch.evaluate": {"label": "batch.evaluate", "average_duration": 0.17197545553155139, "n_events": 19599, "total_time": 3370.5469529628754}, "batch.forward": {"label": "batch.forward", "average_duration": 0.012974426876410483, "n_events": 19599, "total_time": 254.28579235076904}, "batch.process": {"label": "batch.process", "average_duration": 0.2188365403240606, "n_events": 19599, "total_time": 4288.977353811264}, "batch.reduce": {"label": "batch.reduce", "average_duration": 0.009321660787221443, "n_events": 19599, "total_time": 182.69522976875305}, "batch.step": {"label": "batch.step", "average_duration": 0.2865307363443663, "n_events": 19599, "total_time": 5615.7159016132355}, "epoch_metrics.collect": {"label": "epoch_metrics.collect", "average_duration": 0.009861437961308643, "n_events": 99, "total_time": 0.9762823581695557}, "reduce.allreduce": {"label": "reduce.allreduce", "average_duration": 0.008642836245744044, "n_events": 19599, "total_time": 169.39094758033752}, "reduce.flat_pack": {"label": "reduce.flat_pack", "average_duration": 0.0006009713442533975, "n_events": 19599, "total_time": 11.778437376022339}, "test.last": {"label": "test.last", "average_duration": 2.7241191623186825, "n_events": 99, "total_time": 269.68779706954956}}