{"batch": {"label": "batch", "average_duration": 0.5156451182874151, "n_events": 19599, "total_time": 10106.128673315048}, "batch.accumulate": {"label": "batch.accumulate", "average_duration": 0.0034185098904700624, "n_events": 19599, "total_time": 66.99937534332275}, "batch.backward": {"label": "batch.backward", "average_duration": 0.14318068046108534, "n_events": 19599, "total_time": 2806.1981563568115}, "batch.evaluate": {"label": "batch.evaluate", "average_duration": 0.0006466890161174543, "n_events": 19599, "total_time": 12.674458026885986}, "batch.forward": {"label": "batch.forward", "average_duration": 0.06594558992983887, "n_events": 19599, "total_time": 1292.467617034912}, "batch.process": {"label": "batch.process", "average_duration": 0.4677737274488154, "n_events": 19599, "total_time": 9167.897284269333}, "batch.reduce": {"label": "batch.reduce", "average_duration": 0.02798407298824338, "n_events": 19599, "total_time": 548.459846496582}, "batch.step": {"label": "batch.step", "average_duration": 0.019775079314736325, "n_events": 19599, "total_time": 387.5717794895172}, "epoch_metrics.collect": {"label": "epoch_metrics.collect", "average_duration": 0.0014214395272611367, "n_events": 99, "total_time": 0.14072251319885254}, "reduce.allreduce": {"label": "reduce.allreduce", "average_duration": 0.026477362454025724, "n_events": 19599, "total_time": 518.9298267364502}, "reduce.flat_pack": {"label": "reduce.flat_pack", "average_duration": 0.0013822244925124042, "n_events": 19599, "total_time": 27.09021782875061}, "test.last": {"label": "test.last", "average_duration": 2.821412139468723, "n_events": 99, "total_time": 279.31980180740356}}