{"batch": {"label": "batch", "average_duration": 0.7693119226192247, "n_events": 19599, "total_time": 15077.744371414185}, "batch.accumulate": {"label": "batch.accumulate", "average_duration": 0.0044398867625947865, "n_events": 19599, "total_time": 87.01734066009521}, "batch.backward": {"label": "batch.backward", "average_duration": 0.14258980657368378, "n_events": 19599, "total_time": 2794.617619037628}, "batch.evaluate": {"label": "batch.evaluate", "average_duration": 0.0006896445408020222, "n_events": 19599, "total_time": 13.516343355178833}, "batch.forward": {"label": "batch.forward", "average_duration": 0.06596987389430653, "n_events": 19599, "total_time": 1292.9435584545135}, "batch.process": {"label": "batch.process", "average_duration": 0.7159855921686082, "n_events": 19599, "total_time": 14032.601620912552}, "batch.reduce": {"label": "batch.reduce", "average_duration": 0.02823440263061975, "n_events": 19599, "total_time": 553.3660571575165}, "batch.step": {"label": "batch.step", "average_duration": 0.02496108109077949, "n_events": 19599, "total_time": 489.21222829818726}, "epoch_metrics.collect": {"label": "epoch_metrics.collect", "average_duration": 0.0014184749487674599, "n_events": 99, "total_time": 0.14042901992797852}, "reduce.allreduce": {"label": "reduce.allreduce", "average_duration": 0.026410623973556622, "n_events": 19599, "total_time": 517.6218192577362}, "reduce.flat_pack": {"label": "reduce.flat_pack", "average_duration": 0.001673388234194009, "n_events": 19599, "total_time": 32.796736001968384}, "test.last": {"label": "test.last", "average_duration": 2.8215733056116585, "n_events": 99, "total_time": 279.3357572555542}}