{"batch": {"label": "batch", "average_duration": 0.7681409799418246, "n_events": 19599, "total_time": 15054.795065879822}, "batch.accumulate": {"label": "batch.accumulate", "average_duration": 0.0025426097971863013, "n_events": 19599, "total_time": 49.83260941505432}, "batch.backward": {"label": "batch.backward", "average_duration": 0.022911509358583042, "n_events": 19599, "total_time": 449.042671918869}, "batch.evaluate": {"label": "batch.evaluate", "average_duration": 0.17292395068210048, "n_events": 19599, "total_time": 3389.1365094184875}, "batch.forward": {"label": "batch.forward", "average_duration": 0.012308636552989832, "n_events": 19599, "total_time": 241.23696780204773}, "batch.process": {"label": "batch.process", "average_duration": 0.21728184549314244, "n_events": 19599, "total_time": 4258.506889820099}, "batch.reduce": {"label": "batch.reduce", "average_duration": 0.008352671857330043, "n_events": 19599, "total_time": 163.70401573181152}, "batch.step": {"label": "batch.step", "average_duration": 0.5424354242192184, "n_events": 19599, "total_time": 10631.191879272461}, "epoch_metrics.collect": {"label": "epoch_metrics.collect", "average_duration": 0.015770435333251953, "n_events": 99, "total_time": 1.5612730979919434}, "reduce.allreduce": {"label": "reduce.allreduce", "average_duration": 0.007708489709353227, "n_events": 19599, "total_time": 151.0786898136139}, "reduce.flat_pack": {"label": "reduce.flat_pack", "average_duration": 0.0005699372716117644, "n_events": 19599, "total_time": 11.17020058631897}, "test.last": {"label": "test.last", "average_duration": 2.716773702640726, "n_events": 99, "total_time": 268.9605965614319}}