{"batch": {"label": "batch", "average_duration": 0.4850861931937137, "n_events": 19599, "total_time": 9507.204300403595}, "batch.accumulate": {"label": "batch.accumulate", "average_duration": 0.013688100674388493, "n_events": 19599, "total_time": 268.2730851173401}, "batch.backward": {"label": "batch.backward", "average_duration": 0.05683988856748632, "n_events": 19599, "total_time": 1114.0049760341644}, "batch.evaluate": {"label": "batch.evaluate", "average_duration": 0.0006722559691193189, "n_events": 19599, "total_time": 13.175544738769531}, "batch.forward": {"label": "batch.forward", "average_duration": 0.02613236126933051, "n_events": 19599, "total_time": 512.1681485176086}, "batch.process": {"label": "batch.process", "average_duration": 0.35672645204145936, "n_events": 19599, "total_time": 6991.481733560562}, "batch.reduce": {"label": "batch.reduce", "average_duration": 0.10886987404371015, "n_events": 19599, "total_time": 2133.740661382675}, "batch.step": {"label": "batch.step", "average_duration": 0.01936496338726787, "n_events": 19599, "total_time": 379.533917427063}, "epoch_metrics.collect": {"label": "epoch_metrics.collect", "average_duration": 0.0014111851200912938, "n_events": 99, "total_time": 0.13970732688903809}, "reduce.allreduce": {"label": "reduce.allreduce", "average_duration": 0.10698988067963286, "n_events": 19599, "total_time": 2096.8946714401245}, "reduce.flat_pack": {"label": "reduce.flat_pack", "average_duration": 0.0017326609006529713, "n_events": 19599, "total_time": 33.95842099189758}, "test.last": {"label": "test.last", "average_duration": 4.3977145329870355, "n_events": 99, "total_time": 435.37373876571655}}