{"batch": {"label": "batch", "average_duration": 0.325902648091079, "n_events": 19599, "total_time": 6387.3659999370575}, "batch.accumulate": {"label": "batch.accumulate", "average_duration": 0.005184492862214239, "n_events": 19599, "total_time": 101.61087560653687}, "batch.backward": {"label": "batch.backward", "average_duration": 0.10565375405870242, "n_events": 19599, "total_time": 2070.707925796509}, "batch.evaluate": {"label": "batch.evaluate", "average_duration": 0.0007121464057664274, "n_events": 19599, "total_time": 13.957357406616211}, "batch.forward": {"label": "batch.forward", "average_duration": 0.04815861823467693, "n_events": 19599, "total_time": 943.8607587814331}, "batch.process": {"label": "batch.process", "average_duration": 0.27122856275215035, "n_events": 19599, "total_time": 5315.8086013793945}, "batch.reduce": {"label": "batch.reduce", "average_duration": 0.028599634724762058, "n_events": 19599, "total_time": 560.5242409706116}, "batch.step": {"label": "batch.step", "average_duration": 0.025935258735922614, "n_events": 19599, "total_time": 508.3051359653473}, "epoch_metrics.collect": {"label": "epoch_metrics.collect", "average_duration": 0.0014319034537883721, "n_events": 99, "total_time": 0.14175844192504883}, "reduce.allreduce": {"label": "reduce.allreduce", "average_duration": 0.026663451847041577, "n_events": 19599, "total_time": 522.5769927501678}, "reduce.flat_pack": {"label": "reduce.flat_pack", "average_duration": 0.0017772825939739605, "n_events": 19599, "total_time": 34.832961559295654}, "test.last": {"label": "test.last", "average_duration": 3.4447923212340386, "n_events": 99, "total_time": 341.0344398021698}}