{"batch": {"label": "batch", "average_duration": 0.32426954928791835, "n_events": 19599, "total_time": 6355.358896493912}, "batch.accumulate": {"label": "batch.accumulate", "average_duration": 0.0026847334125588286, "n_events": 19599, "total_time": 52.61809015274048}, "batch.backward": {"label": "batch.backward", "average_duration": 0.023190913841951755, "n_events": 19599, "total_time": 454.5187203884125}, "batch.evaluate": {"label": "batch.evaluate", "average_duration": 0.22435397804741397, "n_events": 19599, "total_time": 4397.1136157512665}, "batch.forward": {"label": "batch.forward", "average_duration": 0.012757192929731752, "n_events": 19599, "total_time": 250.02822422981262}, "batch.process": {"label": "batch.process", "average_duration": 0.26986415298978095, "n_events": 19599, "total_time": 5289.067534446716}, "batch.reduce": {"label": "batch.reduce", "average_duration": 0.008748207209554154, "n_events": 19599, "total_time": 171.45611310005188}, "batch.step": {"label": "batch.step", "average_duration": 0.045585509191770276, "n_events": 19599, "total_time": 893.4303946495056}, "epoch_metrics.collect": {"label": "epoch_metrics.collect", "average_duration": 0.001551351161918255, "n_events": 99, "total_time": 0.15358376502990723}, "reduce.allreduce": {"label": "reduce.allreduce", "average_duration": 0.008081358253630431, "n_events": 19599, "total_time": 158.38654041290283}, "reduce.flat_pack": {"label": "reduce.flat_pack", "average_duration": 0.0005915836689636302, "n_events": 19599, "total_time": 11.594448328018188}, "test.last": {"label": "test.last", "average_duration": 3.3752193426845047, "n_events": 99, "total_time": 334.146714925766}}