{"batch": {"label": "batch", "average_duration": 0.32078425296046564, "n_events": 29399, "total_time": 9430.736252784729}, "batch.accumulate": {"label": "batch.accumulate", "average_duration": 0.004866837555017799, "n_events": 29399, "total_time": 143.08015727996826}, "batch.backward": {"label": "batch.backward", "average_duration": 0.023347309322688706, "n_events": 29399, "total_time": 686.3875467777252}, "batch.evaluate": {"label": "batch.evaluate", "average_duration": 0.11196728705419132, "n_events": 29399, "total_time": 3291.7262721061707}, "batch.forward": {"label": "batch.forward", "average_duration": 0.020070666046165933, "n_events": 29399, "total_time": 590.0575110912323}, "batch.process": {"label": "batch.process", "average_duration": 0.27206920071472795, "n_events": 29399, "total_time": 7998.562431812286}, "batch.reduce": {"label": "batch.reduce", "average_duration": 0.019361914451067382, "n_events": 29399, "total_time": 569.2209229469299}, "batch.step": {"label": "batch.step", "average_duration": 0.029208551227991677, "n_events": 29399, "total_time": 858.7021975517273}, "epoch_metrics.collect": {"label": "epoch_metrics.collect", "average_duration": 0.0013630470173470926, "n_events": 149, "total_time": 0.2030940055847168}, "reduce.allreduce": {"label": "reduce.allreduce", "average_duration": 0.01780024962894138, "n_events": 29399, "total_time": 523.3095388412476}, "reduce.flat_pack": {"label": "reduce.flat_pack", "average_duration": 0.0013998869856327034, "n_events": 29399, "total_time": 41.155277490615845}, "test.last": {"label": "test.last", "average_duration": 3.3377421382289603, "n_events": 149, "total_time": 497.3235785961151}, "mean_batch_process_times": [0.3243311643600464, 0.28572767972946167, 0.27717798948287964, 0.27174118161201477, 0.2720637321472168, 0.26880356669425964, 0.27190613746643066, 0.27154600620269775, 0.2709618806838989, 0.2708438038825989, 0.27073630690574646, 0.2719051241874695, 0.2711021900177002, 0.2708001434803009, 0.2710103392601013, 0.27098286151885986, 0.2703321874141693, 0.27061089873313904, 0.2695915400981903, 0.2717297375202179, 0.27976325154304504, 0.27075663208961487, 0.27118390798568726, 0.2734338045120239, 0.2692570388317108, 0.27824831008911133, 0.27121248841285706, 0.2706882059574127, 0.2726888358592987, 0.271504670381546, 0.2714376747608185, 0.27127933502197266, 0.2675647437572479, 0.2723868787288666, 0.2709862291812897, 0.2719857394695282, 0.2729702591896057, 0.2706349492073059, 0.27343374490737915, 0.27116554975509644, 0.2709478735923767, 0.27293527126312256, 0.2713378369808197, 0.27080515027046204, 0.2719813585281372, 0.2721536159515381, 0.2699708938598633, 0.27178195118904114, 0.2718583643436432, 0.2722492516040802, 0.2721877098083496, 0.2710021138191223, 0.27104443311691284, 0.27346378564834595, 0.27213865518569946, 0.27110880613327026, 0.2711407542228699, 0.2706633508205414, 0.2698501944541931, 0.2776273190975189, 0.2715904116630554, 0.27095744013786316, 0.27211302518844604, 0.27226969599723816, 0.27142199873924255, 0.27114248275756836, 0.26842668652534485, 0.2721543312072754, 0.2701674997806549, 0.27310165762901306, 0.27161648869514465, 0.27150094509124756, 0.27131155133247375, 0.27093908190727234, 0.27113354206085205, 0.2711602449417114, 0.271760493516922, 0.2712313234806061, 0.27243778109550476, 0.2713524401187897, 0.271024227142334, 0.27209776639938354, 0.27276793122291565, 0.27130523324012756, 0.27213504910469055, 0.2708306908607483, 0.2713070809841156, 0.27049922943115234, 0.2716141641139984, 0.27193188667297363, 0.272203266620636, 0.27134835720062256, 0.27112600207328796, 0.271681547164917, 0.27040261030197144, 0.2717771828174591, 0.27274709939956665, 0.2708880603313446, 0.27160248160362244, 0.27122825384140015, 0.2709914445877075, 0.2707575857639313, 0.2703787386417389, 0.2732066214084625, 0.27131131291389465, 0.26998618245124817, 0.27188822627067566, 0.2714396119117737, 0.27758142352104187, 0.2706824839115143, 0.27119243144989014, 0.27126938104629517, 0.2722417414188385, 0.2706910967826843, 0.2710440754890442, 0.27100422978401184, 0.2711103856563568, 0.27114659547805786, 0.27106142044067383, 0.27124813199043274, 0.2720144987106323, 0.2712008059024811, 0.2723688781261444, 0.27103734016418457, 0.27233442664146423, 0.2720739245414734, 0.27193495631217957, 0.2709638476371765, 0.269072562456131, 0.27156862616539, 0.27237823605537415, 0.27150246500968933, 0.2726776897907257, 0.270987331867218, 0.271142840385437, 0.27041903138160706, 0.27146390080451965, 0.2719428837299347, 0.2722742557525635, 0.27323293685913086, 0.272666871547699, 0.2695886492729187, 0.2723769247531891, 0.27397409081459045, 0.2709577977657318, 0.27252820134162903, 0.2693989872932434, 0.27115896344184875, 0.2718641459941864, 0.27224719524383545]}