{"batch": {"label": "batch", "average_duration": 0.3202007303449093, "n_events": 29399, "total_time": 9413.581271409988}, "batch.accumulate": {"label": "batch.accumulate", "average_duration": 0.0028978539525280557, "n_events": 29399, "total_time": 85.19400835037231}, "batch.backward": {"label": "batch.backward", "average_duration": 0.1781878963960807, "n_events": 29399, "total_time": 5238.5459661483765}, "batch.evaluate": {"label": "batch.evaluate", "average_duration": 0.000932231793302578, "n_events": 29399, "total_time": 27.40668249130249}, "batch.forward": {"label": "batch.forward", "average_duration": 0.08132174322485838, "n_events": 29399, "total_time": 2390.7779290676117}, "batch.process": {"label": "batch.process", "average_duration": 0.27112958353309186, "n_events": 29399, "total_time": 7970.938626289368}, "batch.reduce": {"label": "batch.reduce", "average_duration": 0.034208223898316154, "n_events": 29399, "total_time": 1005.6875743865967}, "batch.step": {"label": "batch.step", "average_duration": 0.014779889943255117, "n_events": 29399, "total_time": 434.5139844417572}, "epoch_metrics.collect": {"label": "epoch_metrics.collect", "average_duration": 0.001747686590924359, "n_events": 149, "total_time": 0.2604053020477295}, "reduce.allreduce": {"label": "reduce.allreduce", "average_duration": 0.032649107792615976, "n_events": 29399, "total_time": 959.8511199951172}, "reduce.flat_pack": {"label": "reduce.flat_pack", "average_duration": 0.001466915385975084, "n_events": 29399, "total_time": 43.125845432281494}, "test.last": {"label": "test.last", "average_duration": 3.3882803708914944, "n_events": 149, "total_time": 504.85377526283264}, "mean_batch_process_times": [0.2200024127960205, 0.2577836513519287, 0.26694855093955994, 0.2725852429866791, 0.2706297039985657, 0.27419212460517883, 0.2703115940093994, 0.2727174758911133, 0.2710757553577423, 0.27057141065597534, 0.27179425954818726, 0.2696645259857178, 0.27034521102905273, 0.2706863582134247, 0.2703966498374939, 0.2705945074558258, 0.272646427154541, 0.2717737853527069, 0.27403536438941956, 0.27265387773513794, 0.2682853043079376, 0.27473127841949463, 0.2736431360244751, 0.2726684510707855, 0.2752169072628021, 0.2704583406448364, 0.2718442678451538, 0.2726723551750183, 0.2697453498840332, 0.27053162455558777, 0.2722937762737274, 0.27086877822875977, 0.27078360319137573, 0.27028772234916687, 0.27202463150024414, 0.2744816839694977, 0.27034685015678406, 0.2741100490093231, 0.27017340064048767, 0.2706323564052582, 0.27250415086746216, 0.2695920467376709, 0.2737761437892914, 0.27209076285362244, 0.269644558429718, 0.2709949016571045, 0.27454933524131775, 0.2728256285190582, 0.27206969261169434, 0.2695806622505188, 0.2700335681438446, 0.27150043845176697, 0.2740755081176758, 0.27233031392097473, 0.2695932984352112, 0.2711922824382782, 0.2707151770591736, 0.27409255504608154, 0.2738551199436188, 0.27061694860458374, 0.2709704041481018, 0.2741950750350952, 0.2716664969921112, 0.2694128155708313, 0.2715267837047577, 0.2707313001155853, 0.2734667658805847, 0.2697930335998535, 0.27360567450523376, 0.2696788012981415, 0.2710893452167511, 0.27088502049446106, 0.27087298035621643, 0.2709744870662689, 0.2730864882469177, 0.27073004841804504, 0.2704634666442871, 0.2735392153263092, 0.2696707844734192, 0.2705249488353729, 0.2710891664028168, 0.2729829251766205, 0.2738383412361145, 0.27406179904937744, 0.26967161893844604, 0.2710420787334442, 0.27099373936653137, 0.27306294441223145, 0.2704524099826813, 0.2714727222919464, 0.27183446288108826, 0.27107807993888855, 0.27087825536727905, 0.2707764208316803, 0.2739798128604889, 0.2725481390953064, 0.26944559812545776, 0.27113598585128784, 0.2711910605430603, 0.2709360122680664, 0.2704782783985138, 0.2717307209968567, 0.2740343511104584, 0.2692311704158783, 0.27067092061042786, 0.27473247051239014, 0.2732602655887604, 0.27190977334976196, 0.2679887115955353, 0.27312999963760376, 0.2705283761024475, 0.27066612243652344, 0.27283555269241333, 0.2706814110279083, 0.2720696032047272, 0.270773708820343, 0.2713814973831177, 0.27067235112190247, 0.2708479166030884, 0.2708111107349396, 0.2728494107723236, 0.27344176173210144, 0.2695483863353729, 0.2726629674434662, 0.2711891829967499, 0.27060291171073914, 0.27122315764427185, 0.27068182826042175, 0.27604997158050537, 0.2714068293571472, 0.27010324597358704, 0.27148959040641785, 0.27060961723327637, 0.2708353102207184, 0.2708064317703247, 0.275894433259964, 0.26973751187324524, 0.2713974714279175, 0.2701719403266907, 0.27065759897232056, 0.2707597017288208, 0.27292633056640625, 0.2710082530975342, 0.27159813046455383, 0.27332496643066406, 0.2709430456161499, 0.2743402421474457, 0.2707087993621826, 0.27099207043647766, 0.2706016004085541]}