{"batch": {"label": "batch", "average_duration": 0.5281420884263035, "n_events": 19599, "total_time": 10351.056791067123}, "batch.accumulate": {"label": "batch.accumulate", "average_duration": 0.0026956392956106047, "n_events": 19599, "total_time": 52.83183455467224}, "batch.backward": {"label": "batch.backward", "average_duration": 0.02348433310197649, "n_events": 19599, "total_time": 460.2694444656372}, "batch.evaluate": {"label": "batch.evaluate", "average_duration": 0.1723825718177886, "n_events": 19599, "total_time": 3378.526025056839}, "batch.forward": {"label": "batch.forward", "average_duration": 0.012755402168866791, "n_events": 19599, "total_time": 249.99312710762024}, "batch.process": {"label": "batch.process", "average_duration": 0.21837651748439232, "n_events": 19599, "total_time": 4279.961366176605}, "batch.reduce": {"label": "batch.reduce", "average_duration": 0.009048958154130732, "n_events": 19599, "total_time": 177.35053086280823}, "batch.step": {"label": "batch.step", "average_duration": 0.30064350619925073, "n_events": 19599, "total_time": 5892.312077999115}, "epoch_metrics.collect": {"label": "epoch_metrics.collect", "average_duration": 0.018276631230055684, "n_events": 99, "total_time": 1.8093864917755127}, "reduce.allreduce": {"label": "reduce.allreduce", "average_duration": 0.008377778894457625, "n_events": 19599, "total_time": 164.19608855247498}, "reduce.flat_pack": {"label": "reduce.flat_pack", "average_duration": 0.0005944980833687231, "n_events": 19599, "total_time": 11.651567935943604}, "test.last": {"label": "test.last", "average_duration": 2.7108883978140477, "n_events": 99, "total_time": 268.3779513835907}}