{"batch": {"label": "batch", "average_duration": 0.4782048584314091, "n_events": 19599, "total_time": 9372.337020397186}, "batch.accumulate": {"label": "batch.accumulate", "average_duration": 0.004710420332816713, "n_events": 19599, "total_time": 92.31952810287476}, "batch.backward": {"label": "batch.backward", "average_duration": 0.05791731397499448, "n_events": 19599, "total_time": 1135.1214365959167}, "batch.evaluate": {"label": "batch.evaluate", "average_duration": 0.0006932628368247473, "n_events": 19599, "total_time": 13.587258338928223}, "batch.forward": {"label": "batch.forward", "average_duration": 0.026494699653614978, "n_events": 19599, "total_time": 519.2696185112}, "batch.process": {"label": "batch.process", "average_duration": 0.34987354182462266, "n_events": 19599, "total_time": 6857.171546220779}, "batch.reduce": {"label": "batch.reduce", "average_duration": 0.10846851222265362, "n_events": 19599, "total_time": 2125.8743710517883}, "batch.step": {"label": "batch.step", "average_duration": 0.019738291324331504, "n_events": 19599, "total_time": 386.8507716655731}, "epoch_metrics.collect": {"label": "epoch_metrics.collect", "average_duration": 0.0014452235867278744, "n_events": 99, "total_time": 0.14307713508605957}, "reduce.allreduce": {"label": "reduce.allreduce", "average_duration": 0.1065862480368722, "n_events": 19599, "total_time": 2088.983875274658}, "reduce.flat_pack": {"label": "reduce.flat_pack", "average_duration": 0.0017343910198210698, "n_events": 19599, "total_time": 33.992329597473145}, "test.last": {"label": "test.last", "average_duration": 4.41323793295658, "n_events": 99, "total_time": 436.9105553627014}}