{"batch": {"label": "batch", "average_duration": 0.4740348422627469, "n_events": 29399, "total_time": 13936.150327682495}, "batch.accumulate": {"label": "batch.accumulate", "average_duration": 0.002734671312471836, "n_events": 29399, "total_time": 80.3966019153595}, "batch.backward": {"label": "batch.backward", "average_duration": 0.14409606679531461, "n_events": 29399, "total_time": 4236.280267715454}, "batch.evaluate": {"label": "batch.evaluate", "average_duration": 0.0007082446302141907, "n_events": 29399, "total_time": 20.821683883666992}, "batch.forward": {"label": "batch.forward", "average_duration": 0.0663445060839235, "n_events": 29399, "total_time": 1950.462134361267}, "batch.process": {"label": "batch.process", "average_duration": 0.2209555161048362, "n_events": 29399, "total_time": 6495.87121796608}, "batch.reduce": {"label": "batch.reduce", "average_duration": 0.23959595802921135, "n_events": 29399, "total_time": 7043.881570100784}, "batch.step": {"label": "batch.step", "average_duration": 0.013408556418855352, "n_events": 29399, "total_time": 394.19815015792847}, "epoch_metrics.collect": {"label": "epoch_metrics.collect", "average_duration": 0.0016593213049357369, "n_events": 149, "total_time": 0.2472388744354248}, "reduce.allreduce": {"label": "reduce.allreduce", "average_duration": 0.23823558297658956, "n_events": 29399, "total_time": 7003.887903928757}, "reduce.flat_pack": {"label": "reduce.flat_pack", "average_duration": 0.0012721104250298402, "n_events": 29399, "total_time": 37.39877438545227}, "test.last": {"label": "test.last", "average_duration": 2.808910272265441, "n_events": 149, "total_time": 418.52763056755066}, "mean_batch_process_times": [0.22009125351905823, 0.22023873031139374, 0.22015315294265747, 0.22037842869758606, 0.22225159406661987, 0.22051221132278442, 0.22097483277320862, 0.22057804465293884, 0.2203601449728012, 0.22231370210647583, 0.22062397003173828, 0.22156620025634766, 0.22114156186580658, 0.22086744010448456, 0.22082550823688507, 0.22131478786468506, 0.22029301524162292, 0.2216394692659378, 0.2208324372768402, 0.22064320743083954, 0.2219928652048111, 0.22032736241817474, 0.2217530757188797, 0.2209782898426056, 0.22039462625980377, 0.2227325439453125, 0.22186270356178284, 0.2207038849592209, 0.22075358033180237, 0.22115769982337952, 0.2206217348575592, 0.22145232558250427, 0.22218768298625946, 0.22193589806556702, 0.22074493765830994, 0.2204139530658722, 0.22065848112106323, 0.22072869539260864, 0.2210770696401596, 0.22055013477802277, 0.22109901905059814, 0.22095520794391632, 0.22207807004451752, 0.2205980122089386, 0.22190722823143005, 0.2208055555820465, 0.22106873989105225, 0.22111006081104279, 0.22072914242744446, 0.22111107409000397, 0.22230981290340424, 0.22131578624248505, 0.22068743407726288, 0.22142407298088074, 0.2207089066505432, 0.22060056030750275, 0.22169210016727448, 0.22188729047775269, 0.22074271738529205, 0.2207227349281311, 0.2206970453262329, 0.22047103941440582, 0.22039158642292023, 0.22033976018428802, 0.22039355337619781, 0.22087696194648743, 0.22100384533405304, 0.22076916694641113, 0.2203226238489151, 0.22115221619606018, 0.22095400094985962, 0.22106368839740753, 0.22142180800437927, 0.22163468599319458, 0.22170205414295197, 0.2206130474805832, 0.22082558274269104, 0.22050723433494568, 0.22044700384140015, 0.22050487995147705, 0.22089959681034088, 0.2211562842130661, 0.22081901133060455, 0.22079907357692719, 0.22087587416172028, 0.2204740196466446, 0.22037091851234436, 0.22082649171352386, 0.22084937989711761, 0.2213154286146164, 0.22081097960472107, 0.22061683237552643, 0.22031624615192413, 0.22032374143600464, 0.22058233618736267, 0.22176548838615417, 0.22132645547389984, 0.2203345149755478, 0.22104664146900177, 0.22034619748592377, 0.22046874463558197, 0.220193013548851, 0.22018179297447205, 0.22045281529426575, 0.22077824175357819, 0.22080862522125244, 0.22047209739685059, 0.22051289677619934, 0.2201482355594635, 0.22061647474765778, 0.2205715924501419, 0.22050990164279938, 0.22040066123008728, 0.22063858807086945, 0.22077587246894836, 0.2206965684890747, 0.2213590294122696, 0.2206137478351593, 0.22126847505569458, 0.22310905158519745, 0.2208678424358368, 0.22195366024971008, 0.2200981229543686, 0.2210521399974823, 0.22061124444007874, 0.22156377136707306, 0.22105714678764343, 0.2209862917661667, 0.22069133818149567, 0.22088003158569336, 0.2208060622215271, 0.2205996811389923, 0.22221817076206207, 0.2211310863494873, 0.22273190319538116, 0.2207796275615692, 0.22078517079353333, 0.22081053256988525, 0.2203456461429596, 0.22044146060943604, 0.22102269530296326, 0.22127027809619904, 0.22079643607139587, 0.2215726375579834, 0.22176313400268555, 0.2205953747034073, 0.22054152190685272, 0.22127088904380798, 0.2223704755306244, 0.22101636230945587]}