{"batch": {"label": "batch", "average_duration": 0.4741806048650134, "n_events": 29399, "total_time": 13940.435602426529}, "batch.accumulate": {"label": "batch.accumulate", "average_duration": 0.004676390855530257, "n_events": 29399, "total_time": 137.481214761734}, "batch.backward": {"label": "batch.backward", "average_duration": 0.023499483656545063, "n_events": 29399, "total_time": 690.8613200187683}, "batch.evaluate": {"label": "batch.evaluate", "average_duration": 0.16728093414964504, "n_events": 29399, "total_time": 4917.892183065414}, "batch.forward": {"label": "batch.forward", "average_duration": 0.019958416829040582, "n_events": 29399, "total_time": 586.7574963569641}, "batch.process": {"label": "batch.process", "average_duration": 0.42676168031613676, "n_events": 29399, "total_time": 12546.366639614105}, "batch.reduce": {"label": "batch.reduce", "average_duration": 0.019207963562647524, "n_events": 29399, "total_time": 564.6949207782745}, "batch.step": {"label": "batch.step", "average_duration": 0.028068301101830416, "n_events": 29399, "total_time": 825.1799840927124}, "epoch_metrics.collect": {"label": "epoch_metrics.collect", "average_duration": 0.001397918534758907, "n_events": 149, "total_time": 0.20828986167907715}, "reduce.allreduce": {"label": "reduce.allreduce", "average_duration": 0.017774559729009824, "n_events": 29399, "total_time": 522.5542814731598}, "reduce.flat_pack": {"label": "reduce.flat_pack", "average_duration": 0.0012747611702370431, "n_events": 29399, "total_time": 37.47670364379883}, "test.last": {"label": "test.last", "average_duration": 2.757552582145537, "n_events": 149, "total_time": 410.87533473968506}, "mean_batch_process_times": [0.4250713288784027, 0.4251479506492615, 0.42630311846733093, 0.42505526542663574, 0.4258735179901123, 0.4249844551086426, 0.42555946111679077, 0.42670950293540955, 0.4251596927642822, 0.4261040687561035, 0.4250469505786896, 0.4257871210575104, 0.4259391129016876, 0.4251396358013153, 0.42736390233039856, 0.4280886948108673, 0.4266520142555237, 0.4268839359283447, 0.42794325947761536, 0.427335262298584, 0.4269004464149475, 0.4266485571861267, 0.42588329315185547, 0.4272790849208832, 0.42613711953163147, 0.4273764491081238, 0.425913006067276, 0.4254692792892456, 0.42565110325813293, 0.4264095425605774, 0.42686936259269714, 0.427001029253006, 0.4259793758392334, 0.42701491713523865, 0.4260042905807495, 0.4263896644115448, 0.4258209466934204, 0.4261893630027771, 0.4262899160385132, 0.4262193441390991, 0.42643263936042786, 0.4272632300853729, 0.4273214638233185, 0.42640405893325806, 0.42807507514953613, 0.42782270908355713, 0.4278780221939087, 0.4281018078327179, 0.42613348364830017, 0.4257916212081909, 0.4257899522781372, 0.42677485942840576, 0.4258013665676117, 0.4280768930912018, 0.42746061086654663, 0.4267864525318146, 0.42797157168388367, 0.42746981978416443, 0.42569997906684875, 0.4260883033275604, 0.42634469270706177, 0.4269987642765045, 0.4258776307106018, 0.42603012919425964, 0.42661553621292114, 0.4259169101715088, 0.4263710379600525, 0.42825672030448914, 0.42804959416389465, 0.4276651442050934, 0.42805999517440796, 0.42696163058280945, 0.42725253105163574, 0.42755284905433655, 0.4273410737514496, 0.42729878425598145, 0.4257698655128479, 0.4273303747177124, 0.42605528235435486, 0.4262221157550812, 0.42842724919319153, 0.4281664788722992, 0.4281160533428192, 0.42822107672691345, 0.42633745074272156, 0.4258976876735687, 0.4259137213230133, 0.4256037473678589, 0.427483469247818, 0.42677509784698486, 0.4256395101547241, 0.42728447914123535, 0.428411602973938, 0.4269520342350006, 0.4260742664337158, 0.4286893904209137, 0.4271637797355652, 0.4281665086746216, 0.42725422978401184, 0.4257422685623169, 0.4268186390399933, 0.42607685923576355, 0.4277564585208893, 0.4270888566970825, 0.42630770802497864, 0.4257952868938446, 0.427031934261322, 0.4270184636116028, 0.42707622051239014, 0.42733749747276306, 0.42665842175483704, 0.4271632134914398, 0.42748120427131653, 0.4277639389038086, 0.4271673262119293, 0.42808717489242554, 0.4270798861980438, 0.4258977472782135, 0.42697805166244507, 0.42638978362083435, 0.42810091376304626, 0.42645594477653503, 0.4280417561531067, 0.4257963299751282, 0.4262975752353668, 0.4269176125526428, 0.42757079005241394, 0.4281177520751953, 0.426114946603775, 0.42844539880752563, 0.4268184006214142, 0.42593398690223694, 0.42650023102760315, 0.4264942705631256, 0.4259693920612335, 0.4258731007575989, 0.4273969531059265, 0.4251311719417572, 0.4263252019882202, 0.4266124665737152, 0.42795175313949585, 0.4267464578151703, 0.4278002679347992, 0.4273719787597656, 0.4273221492767334, 0.426373153924942, 0.4265865087509155, 0.42640334367752075, 0.42809954285621643, 0.4266674220561981]}