{"batch": {"label": "batch", "average_duration": 0.0756305666315061, "n_events": 23399, "total_time": 1769.679628610611}, "batch.accumulate": {"label": "batch.accumulate", "average_duration": 0.0034655494014189446, "n_events": 23399, "total_time": 81.09039044380188}, "batch.backward": {"label": "batch.backward", "average_duration": 0.028173825777393666, "n_events": 23399, "total_time": 659.2393493652344}, "batch.evaluate": {"label": "batch.evaluate", "average_duration": 0.000785228518208019, "n_events": 23399, "total_time": 18.37356209754944}, "batch.forward": {"label": "batch.forward", "average_duration": 0.016051742621856734, "n_events": 23399, "total_time": 375.5947256088257}, "batch.reduce": {"label": "batch.reduce", "average_duration": 0.017350787326583364, "n_events": 23399, "total_time": 405.9910726547241}, "batch.step": {"label": "batch.step", "average_duration": 0.006479106727250239, "n_events": 23399, "total_time": 151.60461831092834}, "epoch_metrics.collect": {"label": "epoch_metrics.collect", "average_duration": 0.0017301764264202758, "n_events": 149, "total_time": 0.2577962875366211}, "reduce.allreduce": {"label": "reduce.allreduce", "average_duration": 0.01661910586461251, "n_events": 23399, "total_time": 388.8704581260681}, "reduce.flat_pack": {"label": "reduce.flat_pack", "average_duration": 0.0006340731361532951, "n_events": 23399, "total_time": 14.836677312850952}, "test.last": {"label": "test.last", "average_duration": 1.059278008121772, "n_events": 149, "total_time": 157.83242321014404}}