{"batch": {"label": "batch", "average_duration": 0.04399875821382135, "n_events": 23399, "total_time": 1029.5269434452057}, "batch.accumulate": {"label": "batch.accumulate", "average_duration": 0.0025575111867974032, "n_events": 23399, "total_time": 59.84320425987244}, "batch.backward": {"label": "batch.backward", "average_duration": 0.007578683361048739, "n_events": 23399, "total_time": 177.33361196517944}, "batch.evaluate": {"label": "batch.evaluate", "average_duration": 0.018753763651092815, "n_events": 23399, "total_time": 438.8193156719208}, "batch.forward": {"label": "batch.forward", "average_duration": 0.0040258745020426995, "n_events": 23399, "total_time": 94.20143747329712}, "batch.reduce": {"label": "batch.reduce", "average_duration": 0.0032452182630386263, "n_events": 23399, "total_time": 75.93486213684082}, "batch.step": {"label": "batch.step", "average_duration": 0.005236421162676896, "n_events": 23399, "total_time": 122.52701878547668}, "epoch_metrics.collect": {"label": "epoch_metrics.collect", "average_duration": 0.03098095983466846, "n_events": 149, "total_time": 4.616163015365601}, "reduce.allreduce": {"label": "reduce.allreduce", "average_duration": 0.002931587043656891, "n_events": 23399, "total_time": 68.59620523452759}, "reduce.flat_pack": {"label": "reduce.flat_pack", "average_duration": 0.00024101068700570888, "n_events": 23399, "total_time": 5.639409065246582}, "test.last": {"label": "test.last", "average_duration": 1.0163704436897432, "n_events": 149, "total_time": 151.43919610977173}}