{"batch": {"label": "batch", "average_duration": 0.42038471113480236, "n_events": 29399, "total_time": 12358.890122652054}, "batch.accumulate": {"label": "batch.accumulate", "average_duration": 0.005176577885469866, "n_events": 29399, "total_time": 152.1862132549286}, "batch.backward": {"label": "batch.backward", "average_duration": 0.022236682861093527, "n_events": 29399, "total_time": 653.7362394332886}, "batch.evaluate": {"label": "batch.evaluate", "average_duration": 0.21212141027807066, "n_events": 29399, "total_time": 6236.157340764999}, "batch.forward": {"label": "batch.forward", "average_duration": 0.02047243641040703, "n_events": 29399, "total_time": 601.8691580295563}, "batch.process": {"label": "batch.process", "average_duration": 0.3719097254993908, "n_events": 29399, "total_time": 10933.774019956589}, "batch.reduce": {"label": "batch.reduce", "average_duration": 0.019633312047576047, "n_events": 29399, "total_time": 577.1997408866882}, "batch.step": {"label": "batch.step", "average_duration": 0.02869336033902236, "n_events": 29399, "total_time": 843.5561006069183}, "epoch_metrics.collect": {"label": "epoch_metrics.collect", "average_duration": 0.00476550895895734, "n_events": 149, "total_time": 0.7100608348846436}, "reduce.allreduce": {"label": "reduce.allreduce", "average_duration": 0.01794432329439769, "n_events": 29399, "total_time": 527.5451605319977}, "reduce.flat_pack": {"label": "reduce.flat_pack", "average_duration": 0.0015179771376108652, "n_events": 29399, "total_time": 44.627009868621826}, "test.last": {"label": "test.last", "average_duration": 3.3339215269024742, "n_events": 149, "total_time": 496.7543075084686}, "mean_batch_process_times": [0.3711201846599579, 0.37122946977615356, 0.37157371640205383, 0.3718322217464447, 0.371238112449646, 0.370943546295166, 0.37167298793792725, 0.3712478578090668, 0.37093180418014526, 0.3725253939628601, 0.3717103600502014, 0.3720318377017975, 0.3718563914299011, 0.37164634466171265, 0.37237033247947693, 0.37170809507369995, 0.37214842438697815, 0.37177884578704834, 0.3723672330379486, 0.3723635971546173, 0.37254056334495544, 0.37209776043891907, 0.37199488282203674, 0.3707667589187622, 0.37177878618240356, 0.3718835413455963, 0.37202033400535583, 0.37282073497772217, 0.3718639314174652, 0.3720107078552246, 0.3721824884414673, 0.37282583117485046, 0.3732098639011383, 0.37203478813171387, 0.37134283781051636, 0.3725413680076599, 0.37237685918807983, 0.37183883786201477, 0.37192004919052124, 0.37090256810188293, 0.37276679277420044, 0.37194523215293884, 0.37205418944358826, 0.37198495864868164, 0.3724062144756317, 0.37213200330734253, 0.3721097707748413, 0.37256789207458496, 0.37281230092048645, 0.3721613883972168, 0.37300533056259155, 0.37225332856178284, 0.37068232893943787, 0.3716485798358917, 0.37191706895828247, 0.3715890347957611, 0.372168630361557, 0.3730415403842926, 0.3722795844078064, 0.37083929777145386, 0.37305161356925964, 0.37195393443107605, 0.37221914529800415, 0.37152454257011414, 0.3722344636917114, 0.3717798888683319, 0.3726383149623871, 0.3717418909072876, 0.3727124333381653, 0.3703961670398712, 0.3704278767108917, 0.3721967935562134, 0.37194353342056274, 0.37205803394317627, 0.3726204037666321, 0.37175044417381287, 0.3718092143535614, 0.3715847432613373, 0.3716096580028534, 0.37172794342041016, 0.3720040023326874, 0.3718949556350708, 0.37195348739624023, 0.37262144684791565, 0.3717602491378784, 0.37221312522888184, 0.37188807129859924, 0.37208208441734314, 0.372051864862442, 0.3727104961872101, 0.37191522121429443, 0.37221112847328186, 0.3716830611228943, 0.3727424740791321, 0.37193048000335693, 0.37220290303230286, 0.37152621150016785, 0.37251582741737366, 0.3723312020301819, 0.37102723121643066, 0.371143639087677, 0.3719240725040436, 0.3722471296787262, 0.3715550899505615, 0.37157994508743286, 0.3711693584918976, 0.3722182512283325, 0.37286147475242615, 0.37160947918891907, 0.3723558783531189, 0.37162867188453674, 0.3718070387840271, 0.37212038040161133, 0.3718055486679077, 0.3714734613895416, 0.3719983994960785, 0.3716103732585907, 0.37201952934265137, 0.3718118965625763, 0.37231525778770447, 0.372110515832901, 0.37194550037384033, 0.37200212478637695, 0.3720369040966034, 0.3716752827167511, 0.3717759847640991, 0.3715178966522217, 0.37158459424972534, 0.37249302864074707, 0.37231290340423584, 0.37187039852142334, 0.37056878209114075, 0.37198105454444885, 0.37042203545570374, 0.37235772609710693, 0.3717394769191742, 0.3713917136192322, 0.37143611907958984, 0.3716960549354553, 0.37269753217697144, 0.3705468773841858, 0.3715629279613495, 0.37207460403442383, 0.37159591913223267, 0.3725326657295227, 0.3722250461578369, 0.3718310296535492, 0.37131837010383606, 0.3714750111103058, 0.37158864736557007]}