{"batch": {"label": "batch", "average_duration": 0.4200480044701095, "n_events": 29399, "total_time": 12348.991283416748}, "batch.accumulate": {"label": "batch.accumulate", "average_duration": 0.003362885705183678, "n_events": 29399, "total_time": 98.86547684669495}, "batch.backward": {"label": "batch.backward", "average_duration": 0.18177169905036822, "n_events": 29399, "total_time": 5343.906180381775}, "batch.evaluate": {"label": "batch.evaluate", "average_duration": 0.0008410360988392596, "n_events": 29399, "total_time": 24.72562026977539}, "batch.forward": {"label": "batch.forward", "average_duration": 0.08391853697328584, "n_events": 29399, "total_time": 2467.1210684776306}, "batch.process": {"label": "batch.process", "average_duration": 0.27897347754015195, "n_events": 29399, "total_time": 8201.541266202927}, "batch.reduce": {"label": "batch.reduce", "average_duration": 0.1235094034832762, "n_events": 29399, "total_time": 3631.052953004837}, "batch.step": {"label": "batch.step", "average_duration": 0.01747148045634221, "n_events": 29399, "total_time": 513.6440539360046}, "epoch_metrics.collect": {"label": "epoch_metrics.collect", "average_duration": 0.0023989853442915334, "n_events": 149, "total_time": 0.3574488162994385}, "reduce.allreduce": {"label": "reduce.allreduce", "average_duration": 0.12200382884787339, "n_events": 29399, "total_time": 3586.7905642986298}, "reduce.flat_pack": {"label": "reduce.flat_pack", "average_duration": 0.0013895803026781751, "n_events": 29399, "total_time": 40.85227131843567}, "test.last": {"label": "test.last", "average_duration": 3.4013253794420484, "n_events": 149, "total_time": 506.79748153686523}, "mean_batch_process_times": [0.27835965156555176, 0.2784444987773895, 0.27861908078193665, 0.2787233293056488, 0.2770971357822418, 0.27765169739723206, 0.2795531451702118, 0.28021395206451416, 0.2801249623298645, 0.27942177653312683, 0.278901606798172, 0.27884405851364136, 0.2784002125263214, 0.27890780568122864, 0.2794119119644165, 0.2786995470523834, 0.2786690294742584, 0.27863776683807373, 0.28011831641197205, 0.27898305654525757, 0.2788621783256531, 0.27883198857307434, 0.2791500389575958, 0.27879977226257324, 0.278440922498703, 0.27860045433044434, 0.27867746353149414, 0.28014761209487915, 0.27914902567863464, 0.2763320505619049, 0.27953171730041504, 0.28064942359924316, 0.2798864543437958, 0.2774539589881897, 0.2793314754962921, 0.2788315415382385, 0.27859604358673096, 0.2782406210899353, 0.2787306010723114, 0.27818426489830017, 0.27791863679885864, 0.2791736125946045, 0.2799173891544342, 0.2794930636882782, 0.278624027967453, 0.27961501479148865, 0.27917513251304626, 0.279058575630188, 0.2793053090572357, 0.2789294719696045, 0.2800406515598297, 0.2791387438774109, 0.28004172444343567, 0.2785339057445526, 0.278746098279953, 0.27990221977233887, 0.2790257930755615, 0.27892762422561646, 0.27866828441619873, 0.2787162959575653, 0.2790732681751251, 0.2790805697441101, 0.2790966331958771, 0.2760273516178131, 0.2792832851409912, 0.2790953516960144, 0.2791967988014221, 0.27867236733436584, 0.2794017493724823, 0.27913761138916016, 0.2788010835647583, 0.27959710359573364, 0.2794335186481476, 0.2786829173564911, 0.27752670645713806, 0.2789930999279022, 0.2780004143714905, 0.2781444489955902, 0.2793559730052948, 0.2789141833782196, 0.279281884431839, 0.27956774830818176, 0.2787114679813385, 0.2785817086696625, 0.2769959270954132, 0.27917996048927307, 0.2786107659339905, 0.2793166935443878, 0.2790440022945404, 0.2790842652320862, 0.2793148159980774, 0.27905434370040894, 0.27870553731918335, 0.2796313762664795, 0.2792503833770752, 0.2795739471912384, 0.2807183563709259, 0.27866706252098083, 0.2787683606147766, 0.2787698805332184, 0.27854132652282715, 0.2796652615070343, 0.27967774868011475, 0.2795296609401703, 0.27963289618492126, 0.2791641652584076, 0.2785766124725342, 0.2795768678188324, 0.27846208214759827, 0.278560608625412, 0.2788340747356415, 0.27863627672195435, 0.2798874080181122, 0.27883484959602356, 0.278251051902771, 0.27899277210235596, 0.2790217399597168, 0.27925774455070496, 0.2763124704360962, 0.2786741554737091, 0.27817973494529724, 0.27622851729393005, 0.2789916694164276, 0.2790863811969757, 0.27966269850730896, 0.2791871130466461, 0.2791183590888977, 0.2794792056083679, 0.27707552909851074, 0.2802886962890625, 0.27990344166755676, 0.2793668210506439, 0.27899008989334106, 0.27941009402275085, 0.27828171849250793, 0.279971182346344, 0.2793152928352356, 0.2793475389480591, 0.279244601726532, 0.2798505425453186, 0.2783854603767395, 0.2789888083934784, 0.27950605750083923, 0.27945825457572937, 0.2787382900714874, 0.2790987491607666, 0.2802315652370453, 0.279741495847702, 0.2806800603866577, 0.2786371409893036]}