{"batch": {"label": "batch", "average_duration": 0.48384218204020846, "n_events": 19599, "total_time": 9482.822925806046}, "batch.accumulate": {"label": "batch.accumulate", "average_duration": 0.007927594096558794, "n_events": 19599, "total_time": 155.3729166984558}, "batch.backward": {"label": "batch.backward", "average_duration": 0.02331243632332306, "n_events": 19599, "total_time": 456.9004395008087}, "batch.evaluate": {"label": "batch.evaluate", "average_duration": 0.29851455963158513, "n_events": 19599, "total_time": 5850.586854219437}, "batch.forward": {"label": "batch.forward", "average_duration": 0.013916737109132249, "n_events": 19599, "total_time": 272.75413060188293}, "batch.process": {"label": "batch.process", "average_duration": 0.3515007754626143, "n_events": 19599, "total_time": 6889.063698291779}, "batch.reduce": {"label": "batch.reduce", "average_duration": 0.010573672946603135, "n_events": 19599, "total_time": 207.23341608047485}, "batch.step": {"label": "batch.step", "average_duration": 0.12168868722170675, "n_events": 19599, "total_time": 2384.9765808582306}, "epoch_metrics.collect": {"label": "epoch_metrics.collect", "average_duration": 0.0014423240314830434, "n_events": 99, "total_time": 0.1427900791168213}, "reduce.allreduce": {"label": "reduce.allreduce", "average_duration": 0.009822107649645067, "n_events": 19599, "total_time": 192.50348782539368}, "reduce.flat_pack": {"label": "reduce.flat_pack", "average_duration": 0.0006697722871520458, "n_events": 19599, "total_time": 13.126867055892944}, "test.last": {"label": "test.last", "average_duration": 4.315961873892582, "n_events": 99, "total_time": 427.2802255153656}}