{"batch": {"label": "batch", "average_duration": 0.06199180402294779, "n_events": 29399, "total_time": 1822.497046470642}, "batch.accumulate": {"label": "batch.accumulate", "average_duration": 0.0014449641787197692, "n_events": 29399, "total_time": 42.480501890182495}, "batch.backward": {"label": "batch.backward", "average_duration": 0.007566374853973612, "n_events": 29399, "total_time": 222.44385433197021}, "batch.evaluate": {"label": "batch.evaluate", "average_duration": 0.008675625536805849, "n_events": 29399, "total_time": 255.05471515655518}, "batch.forward": {"label": "batch.forward", "average_duration": 0.005882731919110383, "n_events": 29399, "total_time": 172.94643568992615}, "batch.process": {"label": "batch.process", "average_duration": 0.04765170041166717, "n_events": 29399, "total_time": 1400.9123404026031}, "batch.reduce": {"label": "batch.reduce", "average_duration": 0.005540748977219962, "n_events": 29399, "total_time": 162.89247918128967}, "batch.step": {"label": "batch.step", "average_duration": 0.008681776523671185, "n_events": 29399, "total_time": 255.23554801940918}, "epoch_metrics.collect": {"label": "epoch_metrics.collect", "average_duration": 0.0015871492808297177, "n_events": 149, "total_time": 0.23648524284362793}, "reduce.allreduce": {"label": "reduce.allreduce", "average_duration": 0.005033596708943331, "n_events": 29399, "total_time": 147.98270964622498}, "reduce.flat_pack": {"label": "reduce.flat_pack", "average_duration": 0.00039523387223694, "n_events": 29399, "total_time": 11.619480609893799}, "test.last": {"label": "test.last", "average_duration": 1.3331961583771161, "n_events": 149, "total_time": 198.6462275981903}, "mean_batch_process_times": [0.05598961189389229, 0.05309489369392395, 0.04978637397289276, 0.04871264100074768, 0.04866960644721985, 0.04723745211958885, 0.048104505985975266, 0.046608660370111465, 0.046257540583610535, 0.047238826751708984, 0.04721209779381752, 0.04715990275144577, 0.047077685594558716, 0.047630276530981064, 0.047090500593185425, 0.04692090302705765, 0.0472860224545002, 0.04759202525019646, 0.04748605564236641, 0.04822884500026703, 0.04643271118402481, 0.04726778715848923, 0.04865815117955208, 0.04700998216867447, 0.047848597168922424, 0.046880025416612625, 0.04729602858424187, 0.047956500202417374, 0.0463549867272377, 0.04794713854789734, 0.04702557995915413, 0.047536350786685944, 0.047282639890909195, 0.04701124131679535, 0.0473497174680233, 0.04898877441883087, 0.04887158423662186, 0.04699832573533058, 0.0485437847673893, 0.047491028904914856, 0.04670877754688263, 0.04727599024772644, 0.048510875552892685, 0.04859025403857231, 0.04787030443549156, 0.04672981798648834, 0.04755518212914467, 0.04692889004945755, 0.047674696892499924, 0.04814194142818451, 0.04715212434530258, 0.047871269285678864, 0.04687514156103134, 0.04690749943256378, 0.04701633006334305, 0.04750773310661316, 0.04701308533549309, 0.04696653410792351, 0.047667309641838074, 0.0474378876388073, 0.046933047473430634, 0.047991178929805756, 0.046293046325445175, 0.04892035201191902, 0.04831171780824661, 0.04783085361123085, 0.04853663221001625, 0.047171980142593384, 0.04664379730820656, 0.047441206872463226, 0.047231148928403854, 0.04798854887485504, 0.04845944792032242, 0.04861081391572952, 0.04653819277882576, 0.04706977307796478, 0.0472850427031517, 0.04727388918399811, 0.046901047229766846, 0.04880737140774727, 0.04712428152561188, 0.0470813550055027, 0.04723403602838516, 0.04674450308084488, 0.048630230128765106, 0.048029825091362, 0.04764708876609802, 0.04702039062976837, 0.04756282642483711, 0.046393223106861115, 0.04737095162272453, 0.048271238803863525, 0.04866544157266617, 0.04721478745341301, 0.048225484788417816, 0.049558404833078384, 0.0471920482814312, 0.04671822488307953, 0.04650459438562393, 0.049023762345314026, 0.047100674360990524, 0.048613063991069794, 0.04823894426226616, 0.04757004231214523, 0.047365859150886536, 0.04727932810783386, 0.04690886288881302, 0.046910788863897324, 0.04704644903540611, 0.047086991369724274, 0.04727013781666756, 0.0482996441423893, 0.048013836145401, 0.04708375409245491, 0.047233518213033676, 0.04617832973599434, 0.047794122248888016, 0.048084355890750885, 0.048390164971351624, 0.047331761568784714, 0.046817705035209656, 0.04817339777946472, 0.04796569049358368, 0.04846930131316185, 0.04734888672828674, 0.047298841178417206, 0.04677345231175423, 0.04676331207156181, 0.046964216977357864, 0.04714560881257057, 0.04783216118812561, 0.04671096056699753, 0.04840623587369919, 0.04806243255734444, 0.0476289726793766, 0.04938238859176636, 0.047215864062309265, 0.046968720853328705, 0.048261839896440506, 0.04741893336176872, 0.04833134263753891, 0.0489179827272892, 0.04789043590426445, 0.048569001257419586, 0.04675562307238579, 0.04686660319566727, 0.047762181609869, 0.046978145837783813, 0.04785910248756409, 0.04750514402985573]}