{"batch": {"label": "batch", "average_duration": 0.0724659115689365, "n_events": 29399, "total_time": 2130.425334215164}, "batch.accumulate": {"label": "batch.accumulate", "average_duration": 0.0012900520252562683, "n_events": 29399, "total_time": 37.92623949050903}, "batch.backward": {"label": "batch.backward", "average_duration": 0.026412643994266124, "n_events": 29399, "total_time": 776.5053207874298}, "batch.evaluate": {"label": "batch.evaluate", "average_duration": 0.0009287537074850556, "n_events": 29399, "total_time": 27.30443024635315}, "batch.forward": {"label": "batch.forward", "average_duration": 0.015049102845745527, "n_events": 29399, "total_time": 442.42857456207275}, "batch.process": {"label": "batch.process", "average_duration": 0.04741049971749675, "n_events": 29399, "total_time": 1393.821281194687}, "batch.reduce": {"label": "batch.reduce", "average_duration": 0.017878885678545287, "n_events": 29399, "total_time": 525.6213600635529}, "batch.step": {"label": "batch.step", "average_duration": 0.007066021639009922, "n_events": 29399, "total_time": 207.73397016525269}, "epoch_metrics.collect": {"label": "epoch_metrics.collect", "average_duration": 0.0014690904809324533, "n_events": 149, "total_time": 0.21889448165893555}, "reduce.allreduce": {"label": "reduce.allreduce", "average_duration": 0.016928863321024893, "n_events": 29399, "total_time": 497.6916527748108}, "reduce.flat_pack": {"label": "reduce.flat_pack", "average_duration": 0.0008347185782305363, "n_events": 29399, "total_time": 24.539891481399536}, "test.last": {"label": "test.last", "average_duration": 1.3546675227632459, "n_events": 149, "total_time": 201.84546089172363}, "mean_batch_process_times": [0.036330681294202805, 0.04321814700961113, 0.04633143171668053, 0.04693743586540222, 0.045927077531814575, 0.04762103781104088, 0.04642736166715622, 0.04702787846326828, 0.04730677604675293, 0.047693200409412384, 0.047169171273708344, 0.04686052352190018, 0.046565428376197815, 0.04807821288704872, 0.046321265399456024, 0.04835126921534538, 0.047626275569200516, 0.046989161521196365, 0.04687114804983139, 0.04685737192630768, 0.04859760403633118, 0.04895523935556412, 0.046268463134765625, 0.04675460234284401, 0.046728599816560745, 0.04733717814087868, 0.0473160557448864, 0.04841996729373932, 0.04836057499051094, 0.046439915895462036, 0.04832831025123596, 0.04693439230322838, 0.04731221869587898, 0.04741714522242546, 0.04897889122366905, 0.04828479886054993, 0.0481855534017086, 0.04843911528587341, 0.046421825885772705, 0.04626038670539856, 0.0487811416387558, 0.049629900604486465, 0.048582516610622406, 0.04600398242473602, 0.04711241275072098, 0.04635332152247429, 0.04800029098987579, 0.04725458845496178, 0.04902896285057068, 0.04590817913413048, 0.04792329668998718, 0.04776526615023613, 0.047103580087423325, 0.047373004257678986, 0.04657952859997749, 0.04613807052373886, 0.04848005622625351, 0.04682141914963722, 0.046740565448999405, 0.0477522611618042, 0.04869646579027176, 0.046539947390556335, 0.04976716637611389, 0.047762878239154816, 0.047138702124357224, 0.048673104494810104, 0.046974629163742065, 0.04650634527206421, 0.04767756164073944, 0.047114528715610504, 0.04835234954953194, 0.04906615614891052, 0.0469401590526104, 0.045849718153476715, 0.04843845218420029, 0.04652268812060356, 0.047313567250967026, 0.047429732978343964, 0.048567477613687515, 0.04769565537571907, 0.04699216037988663, 0.04636884853243828, 0.046599436551332474, 0.049020517617464066, 0.047194719314575195, 0.04603828489780426, 0.04805266857147217, 0.046575479209423065, 0.047418586909770966, 0.04916664958000183, 0.048132769763469696, 0.04942380264401436, 0.047359488904476166, 0.04799913987517357, 0.0482618510723114, 0.04633856564760208, 0.04771255701780319, 0.04770493134856224, 0.04839622601866722, 0.04709348455071449, 0.04887010157108307, 0.04823245853185654, 0.047005027532577515, 0.048010047525167465, 0.04667678847908974, 0.04640370234847069, 0.047691576182842255, 0.04748569056391716, 0.047676000744104385, 0.04705885052680969, 0.048177264630794525, 0.04730067029595375, 0.04705967381596565, 0.046478550881147385, 0.04761647433042526, 0.0464925616979599, 0.048105038702487946, 0.04892340302467346, 0.04774503409862518, 0.047555528581142426, 0.04881810024380684, 0.04678250849246979, 0.048012856394052505, 0.0464816577732563, 0.04629354551434517, 0.04786081239581108, 0.04735119640827179, 0.046736955642700195, 0.046902596950531006, 0.04794362559914589, 0.04680163413286209, 0.04932808503508568, 0.04792116582393646, 0.04896576702594757, 0.047457825392484665, 0.04704075679183006, 0.04768374562263489, 0.048163991421461105, 0.04824080318212509, 0.04902677983045578, 0.04754841700196266, 0.04834089055657387, 0.04787176474928856, 0.04606810212135315, 0.047026604413986206, 0.047993116080760956, 0.04772260785102844, 0.04757814109325409, 0.04774980992078781, 0.04680584371089935]}