{"batch": {"label": "batch", "average_duration": 0.05464115708558518, "n_events": 29399, "total_time": 1606.3953771591187}, "batch.accumulate": {"label": "batch.accumulate", "average_duration": 0.001154497126429384, "n_events": 29399, "total_time": 33.94106101989746}, "batch.backward": {"label": "batch.backward", "average_duration": 0.007866582836746834, "n_events": 29399, "total_time": 231.26966881752014}, "batch.evaluate": {"label": "batch.evaluate", "average_duration": 0.018113375715692173, "n_events": 29399, "total_time": 532.5151326656342}, "batch.forward": {"label": "batch.forward", "average_duration": 0.0045453557644073985, "n_events": 29399, "total_time": 133.6289141178131}, "batch.process": {"label": "batch.process", "average_duration": 0.04469980263840589, "n_events": 29399, "total_time": 1314.1294977664948}, "batch.reduce": {"label": "batch.reduce", "average_duration": 0.003840425840960607, "n_events": 29399, "total_time": 112.90467929840088}, "batch.step": {"label": "batch.step", "average_duration": 0.006020008850642631, "n_events": 29399, "total_time": 176.98224020004272}, "epoch_metrics.collect": {"label": "epoch_metrics.collect", "average_duration": 0.005849001391622044, "n_events": 149, "total_time": 0.8715012073516846}, "reduce.allreduce": {"label": "reduce.allreduce", "average_duration": 0.0034773012963990506, "n_events": 29399, "total_time": 102.2291808128357}, "reduce.flat_pack": {"label": "reduce.flat_pack", "average_duration": 0.00028293272837387744, "n_events": 29399, "total_time": 8.317939281463623}, "test.last": {"label": "test.last", "average_duration": 1.081991195678711, "n_events": 149, "total_time": 161.21668815612793}, "mean_batch_process_times": [0.044809434562921524, 0.04450934752821922, 0.044213589280843735, 0.0441444106400013, 0.045191340148448944, 0.044129349291324615, 0.045269060879945755, 0.04452545568346977, 0.04455156251788139, 0.04417695477604866, 0.04479258134961128, 0.04500386491417885, 0.04471081495285034, 0.044768575578927994, 0.04480712115764618, 0.04453999921679497, 0.04431333765387535, 0.04432198405265808, 0.044281285256147385, 0.04448719695210457, 0.04508011043071747, 0.04478682950139046, 0.04505300149321556, 0.04517068341374397, 0.044338591396808624, 0.044720377773046494, 0.04485158622264862, 0.045151520520448685, 0.044437143951654434, 0.04425543546676636, 0.044174935668706894, 0.044384539127349854, 0.045285291969776154, 0.04444460943341255, 0.04422825202345848, 0.04440075159072876, 0.045075833797454834, 0.04473277926445007, 0.044391073286533356, 0.04427628591656685, 0.04454978182911873, 0.04655216634273529, 0.04418867081403732, 0.04487807676196098, 0.044414862990379333, 0.045509666204452515, 0.044511109590530396, 0.04430171847343445, 0.04431086778640747, 0.04426645487546921, 0.04416771978139877, 0.044331371784210205, 0.04438738524913788, 0.04461679607629776, 0.04451063275337219, 0.045700330287218094, 0.04438529908657074, 0.04464047774672508, 0.0459982231259346, 0.04437745735049248, 0.04507477208971977, 0.04454547539353371, 0.044147372245788574, 0.044550441205501556, 0.04451929032802582, 0.045295000076293945, 0.04448863863945007, 0.04422006011009216, 0.04412509500980377, 0.04501081630587578, 0.045207370072603226, 0.0442032665014267, 0.0462096631526947, 0.04517422616481781, 0.044853441417217255, 0.04465434327721596, 0.045994970947504044, 0.04437202587723732, 0.04432836174964905, 0.04418942332267761, 0.045198459178209305, 0.04462743550539017, 0.04535146802663803, 0.044514987617731094, 0.04476127028465271, 0.04417044669389725, 0.04509728029370308, 0.04460233077406883, 0.04435021057724953, 0.04495658725500107, 0.04539711773395538, 0.04422623664140701, 0.04416223242878914, 0.044230371713638306, 0.04455723613500595, 0.045127131044864655, 0.045463111251592636, 0.04470153898000717, 0.04449676349759102, 0.045516692101955414, 0.04451444745063782, 0.04428788274526596, 0.04430106654763222, 0.0448731891810894, 0.04449433833360672, 0.044550780206918716, 0.04528256133198738, 0.04572191461920738, 0.04491731896996498, 0.04488213732838631, 0.04453803598880768, 0.0452941469848156, 0.044153280556201935, 0.04417714476585388, 0.04411633685231209, 0.04418499767780304, 0.044959936290979385, 0.04436061158776283, 0.044481635093688965, 0.04453588277101517, 0.04517906904220581, 0.04527205973863602, 0.044336311519145966, 0.04415321722626686, 0.04499833658337593, 0.044795405119657516, 0.045334480702877045, 0.04495441913604736, 0.04411746934056282, 0.04446552321314812, 0.045182015746831894, 0.044258762151002884, 0.04455644637346268, 0.04419932886958122, 0.04431261494755745, 0.045405078679323196, 0.04521942138671875, 0.04474109411239624, 0.04432705417275429, 0.04471956565976143, 0.04543827846646309, 0.04596045985817909, 0.04434245452284813, 0.04415664076805115, 0.04424258694052696, 0.04486919194459915, 0.04508477449417114, 0.044599905610084534, 0.04441254958510399, 0.044669587165117264]}