{"batch": {"label": "batch", "average_duration": 0.06428312280517949, "n_events": 29399, "total_time": 1889.859527349472}, "batch.accumulate": {"label": "batch.accumulate", "average_duration": 0.0010989681750463991, "n_events": 29399, "total_time": 32.30856537818909}, "batch.backward": {"label": "batch.backward", "average_duration": 0.019932721211734346, "n_events": 29399, "total_time": 586.0020709037781}, "batch.evaluate": {"label": "batch.evaluate", "average_duration": 0.0009565625637906551, "n_events": 29399, "total_time": 28.12198281288147}, "batch.forward": {"label": "batch.forward", "average_duration": 0.011408336762932028, "n_events": 29399, "total_time": 335.3936924934387}, "batch.process": {"label": "batch.process", "average_duration": 0.03652728282293052, "n_events": 29399, "total_time": 1073.8655877113342}, "batch.reduce": {"label": "batch.reduce", "average_duration": 0.02177926489169786, "n_events": 29399, "total_time": 640.2886085510254}, "batch.step": {"label": "batch.step", "average_duration": 0.005886191960731215, "n_events": 29399, "total_time": 173.048157453537}, "epoch_metrics.collect": {"label": "epoch_metrics.collect", "average_duration": 0.0014634324400216942, "n_events": 149, "total_time": 0.21805143356323242}, "reduce.allreduce": {"label": "reduce.allreduce", "average_duration": 0.020852081815970747, "n_events": 29399, "total_time": 613.030353307724}, "reduce.flat_pack": {"label": "reduce.flat_pack", "average_duration": 0.0008332805733457058, "n_events": 29399, "total_time": 24.497615575790405}, "test.last": {"label": "test.last", "average_duration": 1.0971627875462475, "n_events": 149, "total_time": 163.47725534439087}, "mean_batch_process_times": [0.03665011376142502, 0.036211155354976654, 0.03585726395249367, 0.036255039274692535, 0.03599681332707405, 0.03557123243808746, 0.03677939996123314, 0.03590657562017441, 0.035730279982089996, 0.035825833678245544, 0.03635548800230026, 0.035152506083250046, 0.036045487970113754, 0.03652695566415787, 0.03590941056609154, 0.035908423364162445, 0.03614027053117752, 0.03642188757658005, 0.035833846777677536, 0.03647720813751221, 0.03616180270910263, 0.035133443772792816, 0.035947900265455246, 0.03733917698264122, 0.03675735369324684, 0.03621842712163925, 0.03659848868846893, 0.03727598115801811, 0.03753039613366127, 0.03553462028503418, 0.035954661667346954, 0.03701586276292801, 0.03559720888733864, 0.03672368451952934, 0.03560137003660202, 0.03609059378504753, 0.036199431866407394, 0.036043450236320496, 0.036609090864658356, 0.035723619163036346, 0.03690057247877121, 0.03829247131943703, 0.035737231373786926, 0.03574661165475845, 0.0361013188958168, 0.03888323903083801, 0.03669142723083496, 0.036046359688043594, 0.036601439118385315, 0.035962171852588654, 0.03629349172115326, 0.035856083035469055, 0.03686821088194847, 0.03783915191888809, 0.03605400025844574, 0.03721483051776886, 0.03722003847360611, 0.038176555186510086, 0.03810760751366615, 0.03569116070866585, 0.036787163466215134, 0.036611203104257584, 0.03586403280496597, 0.03625643253326416, 0.03576607257127762, 0.0362529493868351, 0.03568924963474274, 0.03581061586737633, 0.03561871498823166, 0.03614269569516182, 0.036007679998874664, 0.03626760467886925, 0.03746412321925163, 0.03815816342830658, 0.036116473376750946, 0.035767506808042526, 0.03875921294093132, 0.036038000136613846, 0.035905055701732635, 0.0368640199303627, 0.03601495549082756, 0.03744199126958847, 0.0372304730117321, 0.03566562011837959, 0.039767924696207047, 0.03594232723116875, 0.035884320735931396, 0.03804445639252663, 0.036050356924533844, 0.035911016166210175, 0.038580745458602905, 0.036612432450056076, 0.0360940657556057, 0.0363529697060585, 0.03628699481487274, 0.03655806556344032, 0.03662369027733803, 0.03683575987815857, 0.03587783873081207, 0.03626074641942978, 0.03579702973365784, 0.03567041829228401, 0.036664750427007675, 0.03787051886320114, 0.0384737029671669, 0.03762562572956085, 0.036758922040462494, 0.036864932626485825, 0.0365818552672863, 0.03914077207446098, 0.03814157098531723, 0.035989124327898026, 0.03586338460445404, 0.035936374217271805, 0.03581703454256058, 0.03599192947149277, 0.03647812828421593, 0.036211635917425156, 0.036239515990018845, 0.0368984118103981, 0.03571353107690811, 0.03663625940680504, 0.03590516373515129, 0.036077674478292465, 0.03757457062602043, 0.03633011877536774, 0.03735000267624855, 0.03587094321846962, 0.03586283326148987, 0.03656620532274246, 0.03671855852007866, 0.035675205290317535, 0.03612038865685463, 0.036010779440402985, 0.036993253976106644, 0.03593597561120987, 0.03656752035021782, 0.03638995811343193, 0.03570950776338577, 0.03619998320937157, 0.036445144563913345, 0.03641766309738159, 0.03707743436098099, 0.03600664064288139, 0.037125155329704285, 0.036567289382219315, 0.03751150891184807, 0.037251271307468414, 0.03990856558084488, 0.03750822693109512]}