{"batch": {"label": "batch", "average_duration": 0.13379582568859175, "n_events": 11699, "total_time": 1565.277364730835}, "batch.accumulate": {"label": "batch.accumulate", "average_duration": 0.004086329250399277, "n_events": 11699, "total_time": 47.80596590042114}, "batch.backward": {"label": "batch.backward", "average_duration": 0.06653798293920651, "n_events": 11699, "total_time": 778.427862405777}, "batch.evaluate": {"label": "batch.evaluate", "average_duration": 0.0009899382734310934, "n_events": 11699, "total_time": 11.581287860870361}, "batch.forward": {"label": "batch.forward", "average_duration": 0.034145560200596094, "n_events": 11699, "total_time": 399.4689087867737}, "batch.reduce": {"label": "batch.reduce", "average_duration": 0.017558110780273303, "n_events": 11699, "total_time": 205.41233801841736}, "batch.step": {"label": "batch.step", "average_duration": 0.006822254853591378, "n_events": 11699, "total_time": 79.81355953216553}, "epoch_metrics.collect": {"label": "epoch_metrics.collect", "average_duration": 0.001618510124667379, "n_events": 149, "total_time": 0.24115800857543945}, "reduce.allreduce": {"label": "reduce.allreduce", "average_duration": 0.01670134971361709, "n_events": 11699, "total_time": 195.38909029960632}, "reduce.flat_pack": {"label": "reduce.flat_pack", "average_duration": 0.0007491396251769441, "n_events": 11699, "total_time": 8.764184474945068}, "test.last": {"label": "test.last", "average_duration": 1.0515165456989468, "n_events": 149, "total_time": 156.67596530914307}}