{"batch": {"label": "batch", "average_duration": 0.04504877553555545, "n_events": 11699, "total_time": 527.0256249904633}, "batch.accumulate": {"label": "batch.accumulate", "average_duration": 0.0026364770340342757, "n_events": 11699, "total_time": 30.844144821166992}, "batch.backward": {"label": "batch.backward", "average_duration": 0.007698478000939876, "n_events": 11699, "total_time": 90.0644941329956}, "batch.evaluate": {"label": "batch.evaluate", "average_duration": 0.017902403450876292, "n_events": 11699, "total_time": 209.44021797180176}, "batch.forward": {"label": "batch.forward", "average_duration": 0.0046712553330961176, "n_events": 11699, "total_time": 54.64901614189148}, "batch.reduce": {"label": "batch.reduce", "average_duration": 0.003487124423897565, "n_events": 11699, "total_time": 40.79586863517761}, "batch.step": {"label": "batch.step", "average_duration": 0.005717199249587127, "n_events": 11699, "total_time": 66.8855140209198}, "epoch_metrics.collect": {"label": "epoch_metrics.collect", "average_duration": 0.08276859545867715, "n_events": 149, "total_time": 12.332520723342896}, "reduce.allreduce": {"label": "reduce.allreduce", "average_duration": 0.00315447189490177, "n_events": 11699, "total_time": 36.90416669845581}, "reduce.flat_pack": {"label": "reduce.flat_pack", "average_duration": 0.00025571736629951386, "n_events": 11699, "total_time": 2.9916374683380127}, "test.last": {"label": "test.last", "average_duration": 1.0096643307065003, "n_events": 149, "total_time": 150.43998527526855}}