{"batch": {"label": "batch", "average_duration": 0.5271479143002269, "n_events": 19599, "total_time": 10331.571972370148}, "batch.accumulate": {"label": "batch.accumulate", "average_duration": 0.002723136394143962, "n_events": 19599, "total_time": 53.370750188827515}, "batch.backward": {"label": "batch.backward", "average_duration": 0.023544477013837526, "n_events": 19599, "total_time": 461.44820499420166}, "batch.evaluate": {"label": "batch.evaluate", "average_duration": 0.29577002255756873, "n_events": 19599, "total_time": 5796.796672105789}, "batch.forward": {"label": "batch.forward", "average_duration": 0.01251885350720421, "n_events": 19599, "total_time": 245.3570098876953}, "batch.process": {"label": "batch.process", "average_duration": 0.34134018862148324, "n_events": 19599, "total_time": 6689.92635679245}, "batch.reduce": {"label": "batch.reduce", "average_duration": 0.008998380618969076, "n_events": 19599, "total_time": 176.35926175117493}, "batch.step": {"label": "batch.step", "average_duration": 0.17673559731151067, "n_events": 19599, "total_time": 3463.8409717082977}, "epoch_metrics.collect": {"label": "epoch_metrics.collect", "average_duration": 0.0015265435883493135, "n_events": 99, "total_time": 0.15112781524658203}, "reduce.allreduce": {"label": "reduce.allreduce", "average_duration": 0.008344251395816784, "n_events": 19599, "total_time": 163.53898310661316}, "reduce.flat_pack": {"label": "reduce.flat_pack", "average_duration": 0.0005779020627777615, "n_events": 19599, "total_time": 11.326302528381348}, "test.last": {"label": "test.last", "average_duration": 4.278227676044811, "n_events": 99, "total_time": 423.5445399284363}}