{"batch": {"label": "batch", "average_duration": 0.3857890155154096, "n_events": 29399, "total_time": 11341.811267137527}, "batch.accumulate": {"label": "batch.accumulate", "average_duration": 0.014367940843606094, "n_events": 29399, "total_time": 422.40309286117554}, "batch.backward": {"label": "batch.backward", "average_duration": 0.07200219180373993, "n_events": 29399, "total_time": 2116.79243683815}, "batch.evaluate": {"label": "batch.evaluate", "average_duration": 0.0006769885051460905, "n_events": 29399, "total_time": 19.902785062789917}, "batch.forward": {"label": "batch.forward", "average_duration": 0.033297117317877295, "n_events": 29399, "total_time": 978.9019520282745}, "batch.process": {"label": "batch.process", "average_duration": 0.3321522810721974, "n_events": 29399, "total_time": 9764.944911241531}, "batch.reduce": {"label": "batch.reduce", "average_duration": 0.02884649692731202, "n_events": 29399, "total_time": 848.0581631660461}, "batch.step": {"label": "batch.step", "average_duration": 0.024646034921617377, "n_events": 29399, "total_time": 724.5687806606293}, "epoch_metrics.collect": {"label": "epoch_metrics.collect", "average_duration": 0.0018472527497566786, "n_events": 149, "total_time": 0.2752406597137451}, "reduce.allreduce": {"label": "reduce.allreduce", "average_duration": 0.026934100363569937, "n_events": 29399, "total_time": 791.8356165885925}, "reduce.flat_pack": {"label": "reduce.flat_pack", "average_duration": 0.001751168227778831, "n_events": 29399, "total_time": 51.48259472846985}, "test.last": {"label": "test.last", "average_duration": 4.299401540884236, "n_events": 149, "total_time": 640.6108295917511}, "mean_batch_process_times": [0.4347330927848816, 0.36743873357772827, 0.34749215841293335, 0.3408330976963043, 0.3364253640174866, 0.33285894989967346, 0.33207204937934875, 0.3318105638027191, 0.3321380317211151, 0.3316013514995575, 0.3310830593109131, 0.3309462070465088, 0.33108460903167725, 0.3309912085533142, 0.33084431290626526, 0.3319382071495056, 0.33090201020240784, 0.3321421146392822, 0.3310468792915344, 0.33099085092544556, 0.3310876786708832, 0.3300863206386566, 0.3310205638408661, 0.3292267322540283, 0.3309544622898102, 0.33267271518707275, 0.3303946256637573, 0.3310715854167938, 0.3311299681663513, 0.33131009340286255, 0.3309117257595062, 0.33178597688674927, 0.33098116517066956, 0.3304464519023895, 0.3309004008769989, 0.33105093240737915, 0.3308385908603668, 0.3309629559516907, 0.331096351146698, 0.3314819633960724, 0.3311874568462372, 0.331389456987381, 0.3309466540813446, 0.3311619460582733, 0.3296836316585541, 0.33048826456069946, 0.3308294415473938, 0.3308246433734894, 0.3313751816749573, 0.3309575915336609, 0.3309626281261444, 0.33108943700790405, 0.3303866982460022, 0.33114486932754517, 0.33061981201171875, 0.33107081055641174, 0.33043211698532104, 0.33092209696769714, 0.33098843693733215, 0.3296370208263397, 0.3308619260787964, 0.3313737213611603, 0.3309609293937683, 0.33073246479034424, 0.3307485580444336, 0.33107471466064453, 0.3304173946380615, 0.3312027156352997, 0.33226123452186584, 0.3311190605163574, 0.33062678575515747, 0.33102473616600037, 0.3305017054080963, 0.3309754729270935, 0.3305014967918396, 0.3310230076313019, 0.3310789465904236, 0.33057457208633423, 0.3303920328617096, 0.331669420003891, 0.331455796957016, 0.33028772473335266, 0.33076223731040955, 0.33086737990379333, 0.3311738669872284, 0.33101847767829895, 0.330862820148468, 0.33100804686546326, 0.331765741109848, 0.33140885829925537, 0.33109986782073975, 0.33157068490982056, 0.3311586081981659, 0.3299674391746521, 0.33124083280563354, 0.33107030391693115, 0.3309940695762634, 0.3310335576534271, 0.3306034803390503, 0.3312142789363861, 0.3310072124004364, 0.32955625653266907, 0.33158376812934875, 0.33232414722442627, 0.33131980895996094, 0.3313773572444916, 0.3308636546134949, 0.33123937249183655, 0.3311833143234253, 0.3309486508369446, 0.331042617559433, 0.3309086263179779, 0.33106529712677, 0.3312447965145111, 0.3310590088367462, 0.3314187228679657, 0.33112257719039917, 0.33074676990509033, 0.33106040954589844, 0.33106255531311035, 0.3307468295097351, 0.3313598930835724, 0.33110445737838745, 0.3307689428329468, 0.3299535810947418, 0.3314385712146759, 0.33071431517601013, 0.33104974031448364, 0.3314208388328552, 0.33073586225509644, 0.3310093879699707, 0.33048492670059204, 0.33110305666923523, 0.3309745490550995, 0.33100447058677673, 0.33085235953330994, 0.330788791179657, 0.33126771450042725, 0.3309909999370575, 0.33057910203933716, 0.3310815691947937, 0.33023330569267273, 0.3311466574668884, 0.33109143376350403, 0.33106786012649536, 0.33023178577423096, 0.33080390095710754, 0.3313601016998291, 0.33020731806755066, 0.33105629682540894]}