{"batch": {"label": "batch", "average_duration": 0.38482757093809167, "n_events": 29399, "total_time": 11313.545758008957}, "batch.accumulate": {"label": "batch.accumulate", "average_duration": 0.008423738753075073, "n_events": 29399, "total_time": 247.64949560165405}, "batch.backward": {"label": "batch.backward", "average_duration": 0.024293613772825497, "n_events": 29399, "total_time": 714.2079513072968}, "batch.evaluate": {"label": "batch.evaluate", "average_duration": 0.2745937971343937, "n_events": 29399, "total_time": 8072.7830419540405}, "batch.forward": {"label": "batch.forward", "average_duration": 0.014424154541841911, "n_events": 29399, "total_time": 424.05571937561035}, "batch.process": {"label": "batch.process", "average_duration": 0.3296858237273774, "n_events": 29399, "total_time": 9692.43353176117}, "batch.reduce": {"label": "batch.reduce", "average_duration": 0.010696596254105916, "n_events": 29399, "total_time": 314.46923327445984}, "batch.step": {"label": "batch.step", "average_duration": 0.04436342388339795, "n_events": 29399, "total_time": 1304.2402987480164}, "epoch_metrics.collect": {"label": "epoch_metrics.collect", "average_duration": 0.0014123900624729642, "n_events": 149, "total_time": 0.21044611930847168}, "reduce.allreduce": {"label": "reduce.allreduce", "average_duration": 0.009919183449443657, "n_events": 29399, "total_time": 291.6140742301941}, "reduce.flat_pack": {"label": "reduce.flat_pack", "average_duration": 0.0006945641204051296, "n_events": 29399, "total_time": 20.419490575790405}, "test.last": {"label": "test.last", "average_duration": 4.204952864038864, "n_events": 149, "total_time": 626.5379767417908}, "mean_batch_process_times": [0.22383107244968414, 0.2884015738964081, 0.31183236837387085, 0.3212888836860657, 0.3253563344478607, 0.3285246789455414, 0.32827574014663696, 0.3301350474357605, 0.3311164379119873, 0.3283759653568268, 0.3321949541568756, 0.33125147223472595, 0.3312481939792633, 0.3313494026660919, 0.3326239287853241, 0.33063143491744995, 0.33152973651885986, 0.3297441005706787, 0.3313814699649811, 0.33201146125793457, 0.3304811120033264, 0.3312072455883026, 0.3310973644256592, 0.3313983380794525, 0.3307373821735382, 0.32871416211128235, 0.33070769906044006, 0.32988181710243225, 0.32960212230682373, 0.3316996991634369, 0.3312714397907257, 0.3317434787750244, 0.33008936047554016, 0.33021509647369385, 0.33083102107048035, 0.332361102104187, 0.33259475231170654, 0.33191460371017456, 0.3316210210323334, 0.33120331168174744, 0.3306320011615753, 0.3314487934112549, 0.3307960629463196, 0.32970550656318665, 0.32995375990867615, 0.3312670886516571, 0.3315991163253784, 0.3298759460449219, 0.3321583569049835, 0.33001190423965454, 0.3298059403896332, 0.3310617208480835, 0.3310207724571228, 0.3318074941635132, 0.33165693283081055, 0.3311518132686615, 0.3310713768005371, 0.3311620056629181, 0.3311004638671875, 0.331398606300354, 0.32917916774749756, 0.3289681375026703, 0.33129218220710754, 0.3299649953842163, 0.33139869570732117, 0.33132249116897583, 0.3322364389896393, 0.33211320638656616, 0.328511506319046, 0.32913219928741455, 0.3298836946487427, 0.3309326767921448, 0.33127734065055847, 0.33120834827423096, 0.33165913820266724, 0.33127132058143616, 0.3306853175163269, 0.33162373304367065, 0.33189594745635986, 0.33111006021499634, 0.3310977518558502, 0.3306051194667816, 0.3308274447917938, 0.3311881124973297, 0.331225723028183, 0.33001598715782166, 0.3309468924999237, 0.33062881231307983, 0.3309515118598938, 0.3287914991378784, 0.3310092091560364, 0.33090874552726746, 0.3304060697555542, 0.33225545287132263, 0.3315829634666443, 0.3312028646469116, 0.33195510506629944, 0.33142322301864624, 0.33199843764305115, 0.33157914876937866, 0.33092886209487915, 0.3330010771751404, 0.33029767870903015, 0.3300987482070923, 0.32945114374160767, 0.3298281133174896, 0.33087581396102905, 0.33271855115890503, 0.33098649978637695, 0.3318273723125458, 0.3316822946071625, 0.3294675946235657, 0.3309626579284668, 0.331356018781662, 0.3312663733959198, 0.33091214299201965, 0.33161643147468567, 0.33170610666275024, 0.3302993178367615, 0.33101797103881836, 0.3314950168132782, 0.33208024501800537, 0.3312036693096161, 0.3314351439476013, 0.3316091001033783, 0.33034899830818176, 0.3294694721698761, 0.3319936692714691, 0.3296283781528473, 0.33028754591941833, 0.3307636082172394, 0.33081087470054626, 0.32947614789009094, 0.3310645520687103, 0.33149170875549316, 0.3321045935153961, 0.33050745725631714, 0.3319438397884369, 0.33011963963508606, 0.33082735538482666, 0.32893308997154236, 0.33091500401496887, 0.33145302534103394, 0.329196959733963, 0.3298991024494171, 0.3344757556915283, 0.3294522762298584, 0.32952556014060974, 0.3319719731807709, 0.33210957050323486]}