{"batch": {"label": "batch", "average_duration": 0.06770324399671675, "n_events": 29399, "total_time": 1990.4076702594757}, "batch.accumulate": {"label": "batch.accumulate", "average_duration": 0.0037519624433637803, "n_events": 29399, "total_time": 110.30394387245178}, "batch.backward": {"label": "batch.backward", "average_duration": 0.022729939354322017, "n_events": 29399, "total_time": 668.237487077713}, "batch.evaluate": {"label": "batch.evaluate", "average_duration": 0.0009348628966920801, "n_events": 29399, "total_time": 27.484034299850464}, "batch.forward": {"label": "batch.forward", "average_duration": 0.012945812897413108, "n_events": 29399, "total_time": 380.593953371048}, "batch.process": {"label": "batch.process", "average_duration": 0.04373162283962764, "n_events": 29399, "total_time": 1285.6659798622131}, "batch.reduce": {"label": "batch.reduce", "average_duration": 0.01753546629695204, "n_events": 29399, "total_time": 515.525173664093}, "batch.step": {"label": "batch.step", "average_duration": 0.006336774212628214, "n_events": 29399, "total_time": 186.29482507705688}, "epoch_metrics.collect": {"label": "epoch_metrics.collect", "average_duration": 0.0013753087728615575, "n_events": 149, "total_time": 0.20492100715637207}, "reduce.allreduce": {"label": "reduce.allreduce", "average_duration": 0.016806046749208284, "n_events": 29399, "total_time": 494.08096837997437}, "reduce.flat_pack": {"label": "reduce.flat_pack", "average_duration": 0.0006296109405479171, "n_events": 29399, "total_time": 18.509932041168213}, "test.last": {"label": "test.last", "average_duration": 1.1954734005383998, "n_events": 149, "total_time": 178.12553668022156}, "mean_batch_process_times": [0.03776727616786957, 0.04164668917655945, 0.04301222413778305, 0.04558761417865753, 0.04412061721086502, 0.04453841224312782, 0.0422564335167408, 0.0426982082426548, 0.04483649507164955, 0.04446215182542801, 0.043373845517635345, 0.04352724552154541, 0.04250068590044975, 0.042510025203228, 0.0431864932179451, 0.0424838662147522, 0.044593073427677155, 0.04493238404393196, 0.0451330691576004, 0.044633325189352036, 0.04221823439002037, 0.04279999062418938, 0.044531676918268204, 0.04289552569389343, 0.043685365468263626, 0.044186417013406754, 0.042516615241765976, 0.04546215385198593, 0.04479005187749863, 0.04284299537539482, 0.04500539228320122, 0.0430607907474041, 0.04353587329387665, 0.044512003660202026, 0.04344964027404785, 0.04544191434979439, 0.04381313547492027, 0.04405861720442772, 0.042556218802928925, 0.042637620121240616, 0.04529639333486557, 0.0439048670232296, 0.04365815967321396, 0.0438297800719738, 0.045531343668699265, 0.044645290821790695, 0.0415264256298542, 0.04320336505770683, 0.04434562474489212, 0.04238373413681984, 0.04584937170147896, 0.044138338416814804, 0.042246315628290176, 0.043455570936203, 0.04314487427473068, 0.042520031332969666, 0.04202021658420563, 0.043304018676280975, 0.04492128640413284, 0.04459397494792938, 0.044392675161361694, 0.04294281452894211, 0.04258638620376587, 0.04330478236079216, 0.04496002942323685, 0.04272618517279625, 0.04380757361650467, 0.043433189392089844, 0.044271815568208694, 0.04315975308418274, 0.04288364574313164, 0.045066025108098984, 0.044359978288412094, 0.04314890131354332, 0.044753458350896835, 0.04448816180229187, 0.04545885697007179, 0.04410037398338318, 0.04414225369691849, 0.04446272924542427, 0.04383266717195511, 0.043674979358911514, 0.0440242625772953, 0.042989153414964676, 0.04325907304883003, 0.04486344754695892, 0.04298440366983414, 0.04285283386707306, 0.04680635780096054, 0.042952220886945724, 0.042742565274238586, 0.04300493001937866, 0.04530775547027588, 0.04221387580037117, 0.043638475239276886, 0.04465244710445404, 0.04337487369775772, 0.0435577817261219, 0.044282034039497375, 0.04296930879354477, 0.04348042607307434, 0.042443517595529556, 0.04152226448059082, 0.04478922113776207, 0.042751312255859375, 0.044411640614271164, 0.045170750468969345, 0.044915422797203064, 0.04225148633122444, 0.04443168267607689, 0.04185990244150162, 0.04344836249947548, 0.045732300728559494, 0.04465136304497719, 0.041922688484191895, 0.04576682299375534, 0.041637104004621506, 0.043018657714128494, 0.04339165613055229, 0.042839936912059784, 0.045519039034843445, 0.04451867192983627, 0.04183436185121536, 0.0431668758392334, 0.04453534260392189, 0.04368966445326805, 0.04635822772979736, 0.04355023056268692, 0.045475371181964874, 0.0462651327252388, 0.04208066686987877, 0.042930684983730316, 0.043126869946718216, 0.04303526133298874, 0.04418894648551941, 0.04440959915518761, 0.043536584824323654, 0.04359535872936249, 0.04528481885790825, 0.04238846153020859, 0.04473613202571869, 0.04512401670217514, 0.044824108481407166, 0.044359415769577026, 0.04369452968239784, 0.04330369085073471, 0.04431002587080002, 0.045084089040756226, 0.042220622301101685, 0.043424174189567566]}