{"batch": {"label": "batch", "average_duration": 0.053050766275376623, "n_events": 29399, "total_time": 1559.6394777297974}, "batch.accumulate": {"label": "batch.accumulate", "average_duration": 0.0027286012528149376, "n_events": 29399, "total_time": 80.21814823150635}, "batch.backward": {"label": "batch.backward", "average_duration": 0.007628594123123819, "n_events": 29399, "total_time": 224.27303862571716}, "batch.evaluate": {"label": "batch.evaluate", "average_duration": 0.015766751494933652, "n_events": 29399, "total_time": 463.52672719955444}, "batch.forward": {"label": "batch.forward", "average_duration": 0.0046381677079798435, "n_events": 29399, "total_time": 136.3574924468994}, "batch.process": {"label": "batch.process", "average_duration": 0.04379054407565917, "n_events": 29399, "total_time": 1287.398205280304}, "batch.reduce": {"label": "batch.reduce", "average_duration": 0.0034179229055757796, "n_events": 29399, "total_time": 100.48351550102234}, "batch.step": {"label": "batch.step", "average_duration": 0.005760309075720436, "n_events": 29399, "total_time": 169.3473265171051}, "epoch_metrics.collect": {"label": "epoch_metrics.collect", "average_duration": 0.0015159981362771668, "n_events": 149, "total_time": 0.22588372230529785}, "reduce.allreduce": {"label": "reduce.allreduce", "average_duration": 0.003069376912245625, "n_events": 29399, "total_time": 90.23661184310913}, "reduce.flat_pack": {"label": "reduce.flat_pack", "average_duration": 0.00026900573078314987, "n_events": 29399, "total_time": 7.908499479293823}, "test.last": {"label": "test.last", "average_duration": 1.1668679074153003, "n_events": 149, "total_time": 173.86331820487976}, "mean_batch_process_times": [0.04552393779158592, 0.04400477185845375, 0.042815838009119034, 0.04386094957590103, 0.045870646834373474, 0.043249551206827164, 0.04470564424991608, 0.04294506460428238, 0.042909737676382065, 0.043880246579647064, 0.04408516362309456, 0.04432539641857147, 0.042781054973602295, 0.04276823624968529, 0.04344899579882622, 0.042738016694784164, 0.04296308755874634, 0.04417527839541435, 0.044828880578279495, 0.04421721771359444, 0.04398960620164871, 0.04509575664997101, 0.043249934911727905, 0.042885176837444305, 0.04320479929447174, 0.04454149678349495, 0.04341109097003937, 0.043384045362472534, 0.04337119311094284, 0.04389133304357529, 0.04463133588433266, 0.04426608607172966, 0.04323329031467438, 0.04386681318283081, 0.04387562721967697, 0.04356921464204788, 0.04448660463094711, 0.04410650581121445, 0.04411368817090988, 0.04320092499256134, 0.043794237077236176, 0.044180214405059814, 0.04398376867175102, 0.04326826333999634, 0.04500853270292282, 0.04429616779088974, 0.043711576610803604, 0.04294463247060776, 0.04338689520955086, 0.043962262570858, 0.04318292811512947, 0.04451088234782219, 0.04410134255886078, 0.04287704452872276, 0.04280271381139755, 0.04307177662849426, 0.042801957577466965, 0.04298750311136246, 0.04383428394794464, 0.04320228472352028, 0.04475108161568642, 0.044022008776664734, 0.04327258840203285, 0.043086230754852295, 0.043111830949783325, 0.04396895691752434, 0.04320168495178223, 0.04393569752573967, 0.04398650303483009, 0.04385024309158325, 0.043078720569610596, 0.043719153851270676, 0.04432382807135582, 0.043814606964588165, 0.04433524236083031, 0.04541162773966789, 0.04307098686695099, 0.044714976102113724, 0.04419398680329323, 0.044186271727085114, 0.04469435662031174, 0.04386420175433159, 0.04393644258379936, 0.04379107058048248, 0.04310740903019905, 0.04430987685918808, 0.043861813843250275, 0.04293692111968994, 0.0429595410823822, 0.04450244456529617, 0.04439762607216835, 0.044326700270175934, 0.04307786375284195, 0.043811023235321045, 0.04361085221171379, 0.043285854160785675, 0.044188350439071655, 0.043786995112895966, 0.0431506521999836, 0.04394506290555, 0.043215151876211166, 0.043837130069732666, 0.042792920023202896, 0.04283022880554199, 0.043779369443655014, 0.0429152175784111, 0.04449877142906189, 0.04510832577943802, 0.043818533420562744, 0.04296379163861275, 0.04377090558409691, 0.04435649886727333, 0.04398675262928009, 0.04365818575024605, 0.04393477365374565, 0.042829204350709915, 0.044262439012527466, 0.043294329196214676, 0.04307756572961807, 0.04293551668524742, 0.043366942554712296, 0.04396350309252739, 0.04417486488819122, 0.04503732547163963, 0.04245326295495033, 0.04320242255926132, 0.04312843084335327, 0.044390954077243805, 0.04479514807462692, 0.04536028578877449, 0.04578626900911331, 0.04291163757443428, 0.04320499673485756, 0.042845919728279114, 0.043635208159685135, 0.04457869753241539, 0.043197259306907654, 0.04404523968696594, 0.04514814168214798, 0.043063934892416, 0.043544039130210876, 0.04425980895757675, 0.044720541685819626, 0.04419369995594025, 0.04474654421210289, 0.04414775222539902, 0.043986789882183075, 0.04324386641383171, 0.04383353516459465, 0.04381347820162773]}