{"batch": {"label": "batch", "average_duration": 0.06002516179024621, "n_events": 29249, "total_time": 1755.6759572029114}, "batch.accumulate": {"label": "batch.accumulate", "average_duration": 0.001124948838856808, "n_events": 29249, "total_time": 32.90362858772278}, "batch.backward": {"label": "batch.backward", "average_duration": 0.019869165406837974, "n_events": 29249, "total_time": 581.1532189846039}, "batch.evaluate": {"label": "batch.evaluate", "average_duration": 0.0008531146515919256, "n_events": 29249, "total_time": 24.95275044441223}, "batch.forward": {"label": "batch.forward", "average_duration": 0.011392022545364006, "n_events": 29249, "total_time": 333.2052674293518}, "batch.reduce": {"label": "batch.reduce", "average_duration": 0.01760743565793983, "n_events": 29249, "total_time": 514.999885559082}, "batch.step": {"label": "batch.step", "average_duration": 0.005926943325809733, "n_events": 29249, "total_time": 173.3571653366089}, "epoch_metrics.collect": {"label": "epoch_metrics.collect", "average_duration": 0.0016886083871726222, "n_events": 149, "total_time": 0.2516026496887207}, "reduce.allreduce": {"label": "reduce.allreduce", "average_duration": 0.01670199653634357, "n_events": 29249, "total_time": 488.51669669151306}, "reduce.flat_pack": {"label": "reduce.flat_pack", "average_duration": 0.0008071625903959482, "n_events": 29249, "total_time": 23.60869860649109}, "test.last": {"label": "test.last", "average_duration": 1.0580684594659997, "n_events": 149, "total_time": 157.65220046043396}}