{"batch": {"label": "batch", "average_duration": 0.04529540990942739, "n_events": 29249, "total_time": 1324.8454444408417}, "batch.accumulate": {"label": "batch.accumulate", "average_duration": 0.001174958605102614, "n_events": 29249, "total_time": 34.36636424064636}, "batch.backward": {"label": "batch.backward", "average_duration": 0.007841536821783162, "n_events": 29249, "total_time": 229.3571105003357}, "batch.evaluate": {"label": "batch.evaluate", "average_duration": 0.01788409902579218, "n_events": 29249, "total_time": 523.0920124053955}, "batch.forward": {"label": "batch.forward", "average_duration": 0.004754896640630864, "n_events": 29249, "total_time": 139.07597184181213}, "batch.reduce": {"label": "batch.reduce", "average_duration": 0.004134120645757504, "n_events": 29249, "total_time": 120.91889476776123}, "batch.step": {"label": "batch.step", "average_duration": 0.006375214500000768, "n_events": 29249, "total_time": 186.46864891052246}, "epoch_metrics.collect": {"label": "epoch_metrics.collect", "average_duration": 0.013680544475581022, "n_events": 149, "total_time": 2.0384011268615723}, "reduce.allreduce": {"label": "reduce.allreduce", "average_duration": 0.0037470089683753127, "n_events": 29249, "total_time": 109.59626531600952}, "reduce.flat_pack": {"label": "reduce.flat_pack", "average_duration": 0.0003028334770501302, "n_events": 29249, "total_time": 8.857576370239258}, "test.last": {"label": "test.last", "average_duration": 1.0170426768744552, "n_events": 149, "total_time": 151.53935885429382}}