{"batch": {"label": "batch", "average_duration": 0.5253442667158192, "n_events": 19599, "total_time": 10296.222283363342}, "batch.accumulate": {"label": "batch.accumulate", "average_duration": 0.002518243805243839, "n_events": 19599, "total_time": 49.355060338974}, "batch.backward": {"label": "batch.backward", "average_duration": 0.023094510745014413, "n_events": 19599, "total_time": 452.6293160915375}, "batch.evaluate": {"label": "batch.evaluate", "average_duration": 0.29484739339596777, "n_events": 19599, "total_time": 5778.714063167572}, "batch.forward": {"label": "batch.forward", "average_duration": 0.012728085754610968, "n_events": 19599, "total_time": 249.45775270462036}, "batch.process": {"label": "batch.process", "average_duration": 0.3402404254647845, "n_events": 19599, "total_time": 6668.372098684311}, "batch.reduce": {"label": "batch.reduce", "average_duration": 0.00855824368189437, "n_events": 19599, "total_time": 167.73301792144775}, "batch.step": {"label": "batch.step", "average_duration": 0.17647156341202777, "n_events": 19599, "total_time": 3458.666171312332}, "epoch_metrics.collect": {"label": "epoch_metrics.collect", "average_duration": 0.0014737880591190224, "n_events": 99, "total_time": 0.1459050178527832}, "reduce.allreduce": {"label": "reduce.allreduce", "average_duration": 0.007882635558987827, "n_events": 19599, "total_time": 154.49177432060242}, "reduce.flat_pack": {"label": "reduce.flat_pack", "average_duration": 0.0005991510471717893, "n_events": 19599, "total_time": 11.742761373519897}, "test.last": {"label": "test.last", "average_duration": 4.260344592007724, "n_events": 99, "total_time": 421.77411460876465}}