{"batch": {"label": "batch", "average_duration": 0.5272142323762021, "n_events": 19599, "total_time": 10332.871740341187}, "batch.accumulate": {"label": "batch.accumulate", "average_duration": 0.004556828892056422, "n_events": 19599, "total_time": 89.30928945541382}, "batch.backward": {"label": "batch.backward", "average_duration": 0.05967765492111744, "n_events": 19599, "total_time": 1169.6223587989807}, "batch.evaluate": {"label": "batch.evaluate", "average_duration": 0.0006800079121870181, "n_events": 19599, "total_time": 13.32747507095337}, "batch.forward": {"label": "batch.forward", "average_duration": 0.027216309095817022, "n_events": 19599, "total_time": 533.4124419689178}, "batch.process": {"label": "batch.process", "average_duration": 0.34692332908701995, "n_events": 19599, "total_time": 6799.3503267765045}, "batch.reduce": {"label": "batch.reduce", "average_duration": 0.1609171592153404, "n_events": 19599, "total_time": 3153.8154034614563}, "batch.step": {"label": "batch.step", "average_duration": 0.019265166654459792, "n_events": 19599, "total_time": 377.57800126075745}, "epoch_metrics.collect": {"label": "epoch_metrics.collect", "average_duration": 0.0014346898204148418, "n_events": 99, "total_time": 0.14203429222106934}, "reduce.allreduce": {"label": "reduce.allreduce", "average_duration": 0.15919990963860187, "n_events": 19599, "total_time": 3120.159029006958}, "reduce.flat_pack": {"label": "reduce.flat_pack", "average_duration": 0.0015861762288310248, "n_events": 19599, "total_time": 31.087467908859253}, "test.last": {"label": "test.last", "average_duration": 4.342107919731525, "n_events": 99, "total_time": 429.868684053421}}