{"batch": {"label": "batch", "average_duration": 0.3763923886122438, "n_events": 29399, "total_time": 11065.559832811356}, "batch.accumulate": {"label": "batch.accumulate", "average_duration": 0.0035200566109145045, "n_events": 29399, "total_time": 103.48614430427551}, "batch.backward": {"label": "batch.backward", "average_duration": 0.21366971478769903, "n_events": 29399, "total_time": 6281.675945043564}, "batch.evaluate": {"label": "batch.evaluate", "average_duration": 0.001091163204399038, "n_events": 29399, "total_time": 32.07910704612732}, "batch.forward": {"label": "batch.forward", "average_duration": 0.09583348386761867, "n_events": 29399, "total_time": 2817.408592224121}, "batch.process": {"label": "batch.process", "average_duration": 0.3233547601421178, "n_events": 29399, "total_time": 9506.306593418121}, "batch.reduce": {"label": "batch.reduce", "average_duration": 0.03454058344434965, "n_events": 29399, "total_time": 1015.4586126804352}, "batch.step": {"label": "batch.step", "average_duration": 0.01840457230499194, "n_events": 29399, "total_time": 541.076021194458}, "epoch_metrics.collect": {"label": "epoch_metrics.collect", "average_duration": 0.0017109797304908701, "n_events": 149, "total_time": 0.25493597984313965}, "reduce.allreduce": {"label": "reduce.allreduce", "average_duration": 0.03282951699612461, "n_events": 29399, "total_time": 965.1549701690674}, "reduce.flat_pack": {"label": "reduce.flat_pack", "average_duration": 0.0016062522916600163, "n_events": 29399, "total_time": 47.22221112251282}, "test.last": {"label": "test.last", "average_duration": 4.070760843737814, "n_events": 149, "total_time": 606.5433657169342}, "mean_batch_process_times": [0.21953901648521423, 0.28142404556274414, 0.3060664236545563, 0.3154216408729553, 0.3180566430091858, 0.3206671178340912, 0.3210928440093994, 0.3252184987068176, 0.32049816846847534, 0.3238828182220459, 0.324815034866333, 0.3211061656475067, 0.32529208064079285, 0.3287634551525116, 0.32196953892707825, 0.3221511244773865, 0.32435342669487, 0.33017078042030334, 0.32109469175338745, 0.3246665596961975, 0.3221706449985504, 0.3248121440410614, 0.32756203413009644, 0.3257865607738495, 0.3261294662952423, 0.3205163776874542, 0.32268357276916504, 0.32619690895080566, 0.32619601488113403, 0.32252931594848633, 0.3264220058917999, 0.32711780071258545, 0.3216197192668915, 0.3223184049129486, 0.3273729383945465, 0.3213317394256592, 0.32241368293762207, 0.32525569200515747, 0.3271077573299408, 0.3261268436908722, 0.3259789049625397, 0.3239964246749878, 0.3255563974380493, 0.32475653290748596, 0.32272273302078247, 0.32722628116607666, 0.32411444187164307, 0.3265882134437561, 0.3216443657875061, 0.3221582770347595, 0.3261031210422516, 0.320716917514801, 0.3297642171382904, 0.32679417729377747, 0.32644712924957275, 0.32120227813720703, 0.32268765568733215, 0.3280632495880127, 0.3264939486980438, 0.3222143054008484, 0.32213711738586426, 0.3275930881500244, 0.326226145029068, 0.32137614488601685, 0.32289454340934753, 0.3223479390144348, 0.32577046751976013, 0.3247355818748474, 0.32793596386909485, 0.32705157995224, 0.3246863782405853, 0.32413890957832336, 0.3221820890903473, 0.32242292165756226, 0.3282807767391205, 0.3209552764892578, 0.3249485492706299, 0.32536375522613525, 0.3252982795238495, 0.3223492503166199, 0.32538893818855286, 0.33200603723526, 0.32508769631385803, 0.3254110515117645, 0.3227100670337677, 0.32201215624809265, 0.32605886459350586, 0.32464778423309326, 0.3217702805995941, 0.32984569668769836, 0.3263070583343506, 0.3221952021121979, 0.3213915526866913, 0.32484421133995056, 0.3302963078022003, 0.32401785254478455, 0.3267878293991089, 0.3245241343975067, 0.3242799937725067, 0.32320845127105713, 0.3220013380050659, 0.32427605986595154, 0.32554715871810913, 0.3211631774902344, 0.3234423100948334, 0.3245648741722107, 0.3249872624874115, 0.3247562050819397, 0.3269674479961395, 0.3267018795013428, 0.32341068983078003, 0.32314276695251465, 0.32656219601631165, 0.32635068893432617, 0.3213331997394562, 0.3250007927417755, 0.329062819480896, 0.3272666037082672, 0.32549554109573364, 0.32218560576438904, 0.3221621513366699, 0.3217766284942627, 0.3302038908004761, 0.32714587450027466, 0.324905663728714, 0.3246820271015167, 0.3251127600669861, 0.3225143849849701, 0.32128751277923584, 0.3245595097541809, 0.32696205377578735, 0.32139331102371216, 0.32558774948120117, 0.324833482503891, 0.3236502408981323, 0.32127654552459717, 0.32534435391426086, 0.32375094294548035, 0.32712626457214355, 0.3226897716522217, 0.3242468535900116, 0.32424744963645935, 0.3221091330051422, 0.325104296207428, 0.32590174674987793, 0.3261280059814453, 0.3249127268791199, 0.3272317051887512, 0.3218727707862854, 0.32515275478363037]}