{"batch": {"label": "batch", "average_duration": 0.37737559153071115, "n_events": 29399, "total_time": 11094.465015411377}, "batch.accumulate": {"label": "batch.accumulate", "average_duration": 0.005483405087820473, "n_events": 29399, "total_time": 161.2066261768341}, "batch.backward": {"label": "batch.backward", "average_duration": 0.023085050312993217, "n_events": 29399, "total_time": 678.6773941516876}, "batch.evaluate": {"label": "batch.evaluate", "average_duration": 0.06346869490585294, "n_events": 29399, "total_time": 1865.9161615371704}, "batch.forward": {"label": "batch.forward", "average_duration": 0.02064767457696101, "n_events": 29399, "total_time": 607.0209848880768}, "batch.process": {"label": "batch.process", "average_duration": 0.32565588717387806, "n_events": 29399, "total_time": 9573.957427024841}, "batch.reduce": {"label": "batch.reduce", "average_duration": 0.019883957341916017, "n_events": 29399, "total_time": 584.568461894989}, "batch.step": {"label": "batch.step", "average_duration": 0.031686429170658933, "n_events": 29399, "total_time": 931.5493311882019}, "epoch_metrics.collect": {"label": "epoch_metrics.collect", "average_duration": 0.0013987521997234165, "n_events": 149, "total_time": 0.20841407775878906}, "reduce.allreduce": {"label": "reduce.allreduce", "average_duration": 0.018322491289794907, "n_events": 29399, "total_time": 538.6629214286804}, "reduce.flat_pack": {"label": "reduce.flat_pack", "average_duration": 0.0013937106882334932, "n_events": 29399, "total_time": 40.973700523376465}, "test.last": {"label": "test.last", "average_duration": 4.000531569423291, "n_events": 149, "total_time": 596.0792038440704}, "mean_batch_process_times": [0.42605963349342346, 0.3597615659236908, 0.3399091362953186, 0.3323730528354645, 0.3286336064338684, 0.3244916796684265, 0.32468146085739136, 0.3241771161556244, 0.3216283917427063, 0.32355284690856934, 0.32298576831817627, 0.3251848518848419, 0.32408273220062256, 0.32319989800453186, 0.3250924348831177, 0.32470187544822693, 0.32397595047950745, 0.32323601841926575, 0.32537642121315, 0.32437101006507874, 0.3256424367427826, 0.32313963770866394, 0.324514240026474, 0.3232199251651764, 0.32451489567756653, 0.32600870728492737, 0.3266313374042511, 0.32339879870414734, 0.32427534461021423, 0.3255411684513092, 0.3247129023075104, 0.3242799937725067, 0.325414776802063, 0.3249228000640869, 0.3194347321987152, 0.3246942162513733, 0.3250865340232849, 0.32313427329063416, 0.3256358206272125, 0.3242552578449249, 0.3255499601364136, 0.3250819444656372, 0.3247751295566559, 0.3244659900665283, 0.323915034532547, 0.3248019516468048, 0.3252454996109009, 0.32452261447906494, 0.3251021206378937, 0.32494276762008667, 0.3250965476036072, 0.32474979758262634, 0.3237878680229187, 0.32429182529449463, 0.3237299919128418, 0.326775461435318, 0.32509228587150574, 0.3249872922897339, 0.3242938220500946, 0.32493844628334045, 0.32472944259643555, 0.3241395354270935, 0.32526373863220215, 0.32494446635246277, 0.32469961047172546, 0.3250994086265564, 0.3245234191417694, 0.3232470452785492, 0.32495662569999695, 0.3255351483821869, 0.3253936767578125, 0.32475635409355164, 0.32459908723831177, 0.3248372972011566, 0.32278338074684143, 0.3279411196708679, 0.324348509311676, 0.3235281705856323, 0.32397398352622986, 0.32561206817626953, 0.3238793611526489, 0.3227471709251404, 0.3260931372642517, 0.32592666149139404, 0.3247755169868469, 0.32515498995780945, 0.324627161026001, 0.3248811662197113, 0.32640329003334045, 0.322603315114975, 0.32446861267089844, 0.3262799382209778, 0.3270634412765503, 0.32348185777664185, 0.322788804769516, 0.3253565728664398, 0.3240931034088135, 0.3265724778175354, 0.3244818449020386, 0.3261221647262573, 0.32563382387161255, 0.32331424951553345, 0.3231780529022217, 0.32531389594078064, 0.3236590325832367, 0.3239772617816925, 0.32294851541519165, 0.3244691789150238, 0.3243620991706848, 0.3253172039985657, 0.325075626373291, 0.324476957321167, 0.32432880997657776, 0.3254971504211426, 0.3270360827445984, 0.32406407594680786, 0.32328400015830994, 0.3243826627731323, 0.32579755783081055, 0.32669687271118164, 0.3252575993537903, 0.324590802192688, 0.3223576247692108, 0.32501649856567383, 0.32617586851119995, 0.32539159059524536, 0.325412392616272, 0.3247193992137909, 0.32471221685409546, 0.3237634003162384, 0.3237879276275635, 0.3248547911643982, 0.3225468397140503, 0.3249373137950897, 0.3251356780529022, 0.3252149224281311, 0.32288801670074463, 0.32370948791503906, 0.32533004879951477, 0.32465559244155884, 0.32250458002090454, 0.324586421251297, 0.32473933696746826, 0.32359373569488525, 0.32417911291122437, 0.3245995342731476, 0.3240039348602295, 0.3241458535194397, 0.32390716671943665, 0.32457849383354187]}