{"batch": {"label": "batch", "average_duration": 0.07384057696033747, "n_events": 29399, "total_time": 2170.839122056961}, "batch.accumulate": {"label": "batch.accumulate", "average_duration": 0.003516510354527373, "n_events": 29399, "total_time": 103.38188791275024}, "batch.backward": {"label": "batch.backward", "average_duration": 0.026595425697414115, "n_events": 29399, "total_time": 781.8789200782776}, "batch.evaluate": {"label": "batch.evaluate", "average_duration": 0.0007944544009065266, "n_events": 29399, "total_time": 23.356164932250977}, "batch.forward": {"label": "batch.forward", "average_duration": 0.015130409858166683, "n_events": 29399, "total_time": 444.8189194202423}, "batch.process": {"label": "batch.process", "average_duration": 0.049454808150016065, "n_events": 29399, "total_time": 1453.9219048023224}, "batch.reduce": {"label": "batch.reduce", "average_duration": 0.0177823958005535, "n_events": 29399, "total_time": 522.7846541404724}, "batch.step": {"label": "batch.step", "average_duration": 0.0065023552305402636, "n_events": 29399, "total_time": 191.1627414226532}, "epoch_metrics.collect": {"label": "epoch_metrics.collect", "average_duration": 0.001485987797679517, "n_events": 149, "total_time": 0.22141218185424805}, "reduce.allreduce": {"label": "reduce.allreduce", "average_duration": 0.017042176448316362, "n_events": 29399, "total_time": 501.02294540405273}, "reduce.flat_pack": {"label": "reduce.flat_pack", "average_duration": 0.0006364197255624444, "n_events": 29399, "total_time": 18.710103511810303}, "test.last": {"label": "test.last", "average_duration": 1.4835238344717345, "n_events": 149, "total_time": 221.04505133628845}, "mean_batch_process_times": [0.037601288408041, 0.04423122480511665, 0.04652945324778557, 0.0482119657099247, 0.04904016852378845, 0.04868002608418465, 0.05070113763213158, 0.04906582832336426, 0.05135137587785721, 0.049568552523851395, 0.047812916338443756, 0.0520312525331974, 0.049393244087696075, 0.04975638911128044, 0.04920394346117973, 0.04925940930843353, 0.049745045602321625, 0.0497397780418396, 0.04935503378510475, 0.048850782215595245, 0.05184250324964523, 0.04948312044143677, 0.04909783974289894, 0.04950660467147827, 0.049573469907045364, 0.049007873982191086, 0.05020468682050705, 0.050845205783843994, 0.04861782118678093, 0.04904380813241005, 0.049288395792245865, 0.04851118475198746, 0.04890601336956024, 0.051126640290021896, 0.04888536036014557, 0.04873393848538399, 0.05027596279978752, 0.0508214496076107, 0.048331696540117264, 0.04920857399702072, 0.05176916345953941, 0.0514448918402195, 0.049379389733076096, 0.04968952015042305, 0.050172895193099976, 0.04867512732744217, 0.05052438750863075, 0.04909077286720276, 0.04880502447485924, 0.04911969229578972, 0.049816008657217026, 0.04989790916442871, 0.04942841827869415, 0.049746137112379074, 0.05139017850160599, 0.04892128333449364, 0.050753720104694366, 0.048690661787986755, 0.050915542989969254, 0.047954458743333817, 0.0483270138502121, 0.05012187361717224, 0.05012442544102669, 0.048729218542575836, 0.04961099475622177, 0.049126036465168, 0.0504857636988163, 0.04961433634161949, 0.04837625101208687, 0.04857514426112175, 0.050218138843774796, 0.050392087548971176, 0.0506652370095253, 0.04844734072685242, 0.048884835094213486, 0.0501280352473259, 0.04846397042274475, 0.05075530335307121, 0.050362151116132736, 0.04855918139219284, 0.0501529686152935, 0.050090424716472626, 0.05147823318839073, 0.05231252685189247, 0.050064969807863235, 0.04870757460594177, 0.048410817980766296, 0.051197685301303864, 0.048868779093027115, 0.05081871896982193, 0.048655539751052856, 0.04875345900654793, 0.05126536265015602, 0.05131376162171364, 0.051822807639837265, 0.04887380823493004, 0.049359872937202454, 0.049166955053806305, 0.04815244302153587, 0.05015140399336815, 0.04837150499224663, 0.050765249878168106, 0.04891375079751015, 0.05060939863324165, 0.04872436821460724, 0.04840478301048279, 0.04954326152801514, 0.04907964915037155, 0.04835163801908493, 0.049845777451992035, 0.050368987023830414, 0.04850667715072632, 0.04930704087018967, 0.049432363361120224, 0.050588902086019516, 0.04928658530116081, 0.04898715391755104, 0.050155796110630035, 0.04829855635762215, 0.05109746381640434, 0.048536516726017, 0.04831784963607788, 0.04967305436730385, 0.049659546464681625, 0.050446346402168274, 0.04876925051212311, 0.05105452239513397, 0.048334892839193344, 0.050328031182289124, 0.04937124624848366, 0.04926301911473274, 0.05009850487112999, 0.04922013729810715, 0.04785158112645149, 0.04888176918029785, 0.049294356256723404, 0.04887403920292854, 0.04938230291008949, 0.05078321322798729, 0.0487273745238781, 0.04947051778435707, 0.04916129261255264, 0.048902805894613266, 0.05013968050479889, 0.048556115478277206, 0.05000145360827446, 0.04937676340341568, 0.050954338163137436, 0.04913948103785515, 0.04995788633823395]}