{"batch": {"label": "batch", "average_duration": 0.06402188469152913, "n_events": 29399, "total_time": 1882.1793880462646}, "batch.accumulate": {"label": "batch.accumulate", "average_duration": 0.0038987837331165825, "n_events": 29399, "total_time": 114.62034296989441}, "batch.backward": {"label": "batch.backward", "average_duration": 0.007728462288333363, "n_events": 29399, "total_time": 227.20906281471252}, "batch.evaluate": {"label": "batch.evaluate", "average_duration": 0.008379270845604792, "n_events": 29399, "total_time": 246.3421835899353}, "batch.forward": {"label": "batch.forward", "average_duration": 0.005761177881489263, "n_events": 29399, "total_time": 169.37286853790283}, "batch.process": {"label": "batch.process", "average_duration": 0.04970480511028664, "n_events": 29399, "total_time": 1461.271565437317}, "batch.reduce": {"label": "batch.reduce", "average_duration": 0.005616786362439654, "n_events": 29399, "total_time": 165.1279022693634}, "batch.step": {"label": "batch.step", "average_duration": 0.008579543368452005, "n_events": 29399, "total_time": 252.22999548912048}, "epoch_metrics.collect": {"label": "epoch_metrics.collect", "average_duration": 0.001462065933534763, "n_events": 149, "total_time": 0.2178478240966797}, "reduce.allreduce": {"label": "reduce.allreduce", "average_duration": 0.005086342499099535, "n_events": 29399, "total_time": 149.53338313102722}, "reduce.flat_pack": {"label": "reduce.flat_pack", "average_duration": 0.0004133611046711179, "n_events": 29399, "total_time": 12.152403116226196}, "test.last": {"label": "test.last", "average_duration": 1.46374786940197, "n_events": 149, "total_time": 218.09843254089355}, "mean_batch_process_times": [0.0556638203561306, 0.05746196582913399, 0.05249662697315216, 0.05002124607563019, 0.049711789935827255, 0.04922764003276825, 0.04957941919565201, 0.04996882751584053, 0.04794423654675484, 0.0511198528110981, 0.04939671605825424, 0.05000387877225876, 0.050415340811014175, 0.05028190463781357, 0.04986366629600525, 0.04899187758564949, 0.049135103821754456, 0.049925316125154495, 0.05013963580131531, 0.04947695881128311, 0.048151422291994095, 0.049351271241903305, 0.05105627700686455, 0.05010435730218887, 0.0493708997964859, 0.0489482656121254, 0.050041645765304565, 0.04919399321079254, 0.049768995493650436, 0.04989449307322502, 0.049533769488334656, 0.04938361793756485, 0.04960525408387184, 0.04912775754928589, 0.04960285872220993, 0.04923605918884277, 0.050052084028720856, 0.05082210898399353, 0.04912133142352104, 0.049086082726716995, 0.04799526557326317, 0.04955962300300598, 0.051662370562553406, 0.049741972237825394, 0.05007727071642876, 0.04956766963005066, 0.049969591200351715, 0.05019361525774002, 0.04924241825938225, 0.049540821462869644, 0.049786489456892014, 0.0491255521774292, 0.050208523869514465, 0.049332261085510254, 0.04934513568878174, 0.050153449177742004, 0.049376122653484344, 0.05004560574889183, 0.04961857572197914, 0.04989757388830185, 0.04946434497833252, 0.05043153092265129, 0.04950619488954544, 0.05035850778222084, 0.0499345064163208, 0.04866854101419449, 0.04934526979923248, 0.04949536547064781, 0.050051189959049225, 0.04918965697288513, 0.04948972910642624, 0.05019494891166687, 0.05045390874147415, 0.04999836906790733, 0.048598092049360275, 0.048824504017829895, 0.04822111129760742, 0.048965804278850555, 0.04922980070114136, 0.04980133846402168, 0.04930555075407028, 0.04882555827498436, 0.0500330850481987, 0.05023021996021271, 0.05193331465125084, 0.05156968906521797, 0.04988175630569458, 0.048919808119535446, 0.048503030091524124, 0.04956281557679176, 0.05012493580579758, 0.04992689937353134, 0.04932062700390816, 0.050386250019073486, 0.050027720630168915, 0.050845883786678314, 0.050857063382864, 0.04924884811043739, 0.05013255774974823, 0.04846767708659172, 0.05011735111474991, 0.04926638305187225, 0.04919268190860748, 0.04976904019713402, 0.04918442666530609, 0.048900797963142395, 0.049102701246738434, 0.04893814027309418, 0.050761979073286057, 0.04829176887869835, 0.04890001192688942, 0.050420209765434265, 0.048580002039670944, 0.04802606254816055, 0.04965515807271004, 0.05149272084236145, 0.04762708395719528, 0.048414792865514755, 0.048599451780319214, 0.05032152682542801, 0.051130663603544235, 0.049640487879514694, 0.04942389577627182, 0.049646858125925064, 0.04954752326011658, 0.04963860288262367, 0.04896547645330429, 0.04955054447054863, 0.04914652928709984, 0.050965286791324615, 0.04877438396215439, 0.049531906843185425, 0.04914447292685509, 0.049299921840429306, 0.049975309520959854, 0.04885777086019516, 0.049689728766679764, 0.05024173483252525, 0.048239342868328094, 0.04912867769598961, 0.049014873802661896, 0.04886752739548683, 0.04922822117805481, 0.04852381721138954, 0.05101068317890167, 0.04917877912521362, 0.05022729933261871, 0.048860952258110046, 0.05077414587140083, 0.04893731698393822]}