{"batch": {"label": "batch", "average_duration": 0.07390589217571317, "n_events": 29399, "total_time": 2172.7593240737915}, "batch.accumulate": {"label": "batch.accumulate", "average_duration": 0.000971368025864033, "n_events": 29399, "total_time": 28.55724859237671}, "batch.backward": {"label": "batch.backward", "average_duration": 0.019921182746761343, "n_events": 29399, "total_time": 585.6628515720367}, "batch.evaluate": {"label": "batch.evaluate", "average_duration": 0.0006185564979727874, "n_events": 29399, "total_time": 18.184942483901978}, "batch.forward": {"label": "batch.forward", "average_duration": 0.01145459830410209, "n_events": 29399, "total_time": 336.75373554229736}, "batch.process": {"label": "batch.process", "average_duration": 0.035786966761908866, "n_events": 29399, "total_time": 1052.1010358333588}, "batch.reduce": {"label": "batch.reduce", "average_duration": 0.032657303012606685, "n_events": 29399, "total_time": 960.0920512676239}, "batch.step": {"label": "batch.step", "average_duration": 0.005378445937011578, "n_events": 29399, "total_time": 158.12093210220337}, "epoch_metrics.collect": {"label": "epoch_metrics.collect", "average_duration": 0.0014291401677483681, "n_events": 149, "total_time": 0.21294188499450684}, "reduce.allreduce": {"label": "reduce.allreduce", "average_duration": 0.03195764690910279, "n_events": 29399, "total_time": 939.5228614807129}, "reduce.flat_pack": {"label": "reduce.flat_pack", "average_duration": 0.0006140972944403868, "n_events": 29399, "total_time": 18.05384635925293}, "test.last": {"label": "test.last", "average_duration": 1.0886411826882587, "n_events": 149, "total_time": 162.20753622055054}, "mean_batch_process_times": [0.03549651429057121, 0.035502392798662186, 0.036010466516017914, 0.03545410558581352, 0.03594563901424408, 0.03550010919570923, 0.03541940078139305, 0.03651881590485573, 0.03650256246328354, 0.035403888672590256, 0.03559676185250282, 0.035747066140174866, 0.03574919328093529, 0.0356004424393177, 0.03543409705162048, 0.036284491419792175, 0.03600820526480675, 0.03543876111507416, 0.03655771166086197, 0.03577687218785286, 0.03617046773433685, 0.036012202501297, 0.036203429102897644, 0.03531593084335327, 0.03542996570467949, 0.03538217768073082, 0.03533860296010971, 0.03549788519740105, 0.035285886377096176, 0.03541450574994087, 0.03559752553701401, 0.03618872910737991, 0.03602350130677223, 0.03607126697897911, 0.035484541207551956, 0.035407498478889465, 0.035938531160354614, 0.03546847030520439, 0.0358201265335083, 0.03553980961441994, 0.03554607927799225, 0.035419028252363205, 0.03570866212248802, 0.035413917154073715, 0.03542308136820793, 0.036114197224378586, 0.03636908903717995, 0.03548107296228409, 0.036176685243844986, 0.03571133315563202, 0.03645540401339531, 0.035592999309301376, 0.03535529971122742, 0.03648882359266281, 0.03580354526638985, 0.03548305854201317, 0.03564218804240227, 0.036619070917367935, 0.03542086109519005, 0.03631927818059921, 0.035823624581098557, 0.03595424443483353, 0.03547535091638565, 0.03616337850689888, 0.035342730581760406, 0.03618428856134415, 0.035981833934783936, 0.03660127893090248, 0.035576216876506805, 0.03544418886303902, 0.03608686849474907, 0.03577505424618721, 0.03567378222942352, 0.03545023128390312, 0.035762395709753036, 0.03560079634189606, 0.03595712408423424, 0.03534102812409401, 0.03573579341173172, 0.03613240644335747, 0.03555235266685486, 0.03550046309828758, 0.035971853882074356, 0.03603101521730423, 0.03610299900174141, 0.03593272343277931, 0.03541512042284012, 0.03541974723339081, 0.03632628545165062, 0.03545086085796356, 0.03542104363441467, 0.03543988987803459, 0.03647480905056, 0.036132436245679855, 0.03576483577489853, 0.03554704412817955, 0.03702278807759285, 0.03550998494029045, 0.035516850650310516, 0.035693638026714325, 0.035759974271059036, 0.035495027899742126, 0.03681299462914467, 0.0359131284058094, 0.035531606525182724, 0.03590908646583557, 0.035515669733285904, 0.035488106310367584, 0.03555404022336006, 0.035512618720531464, 0.035654231905937195, 0.035387616604566574, 0.036840811371803284, 0.03621719405055046, 0.03664480149745941, 0.03560155630111694, 0.035649579018354416, 0.03579838573932648, 0.035341065376996994, 0.03538237884640694, 0.0361153669655323, 0.03546357899904251, 0.036354705691337585, 0.03552629426121712, 0.035558070987463, 0.03590373322367668, 0.03548888862133026, 0.03640427067875862, 0.035967353731393814, 0.03628335893154144, 0.0356675423681736, 0.03544231131672859, 0.03567785769701004, 0.03561774641275406, 0.03582414984703064, 0.03597238287329674, 0.03542260453104973, 0.035560138523578644, 0.03573368489742279, 0.036359407007694244, 0.03560812398791313, 0.0356697179377079, 0.035920560359954834, 0.035909250378608704, 0.035924460738897324, 0.036413054913282394, 0.035398438572883606, 0.03542844206094742, 0.03539038449525833, 0.03567824512720108]}