{"batch": {"label": "batch", "average_duration": 0.06456533363592974, "n_events": 29399, "total_time": 1898.1562435626984}, "batch.accumulate": {"label": "batch.accumulate", "average_duration": 0.0011241618068555841, "n_events": 29399, "total_time": 33.049232959747314}, "batch.backward": {"label": "batch.backward", "average_duration": 0.007731279405088927, "n_events": 29399, "total_time": 227.29188323020935}, "batch.evaluate": {"label": "batch.evaluate", "average_duration": 0.01804258291476186, "n_events": 29399, "total_time": 530.433895111084}, "batch.forward": {"label": "batch.forward", "average_duration": 0.004688933940277468, "n_events": 29399, "total_time": 137.84996891021729}, "batch.process": {"label": "batch.process", "average_duration": 0.05470104782616769, "n_events": 29399, "total_time": 1608.156105041504}, "batch.reduce": {"label": "batch.reduce", "average_duration": 0.0037736528815653517, "n_events": 29399, "total_time": 110.94162106513977}, "batch.step": {"label": "batch.step", "average_duration": 0.006005805634921893, "n_events": 29399, "total_time": 176.56467986106873}, "epoch_metrics.collect": {"label": "epoch_metrics.collect", "average_duration": 0.007132679023998696, "n_events": 149, "total_time": 1.0627691745758057}, "reduce.allreduce": {"label": "reduce.allreduce", "average_duration": 0.0034067322029589456, "n_events": 29399, "total_time": 100.15452003479004}, "reduce.flat_pack": {"label": "reduce.flat_pack", "average_duration": 0.000283694566522773, "n_events": 29399, "total_time": 8.340336561203003}, "test.last": {"label": "test.last", "average_duration": 1.0704700498772948, "n_events": 149, "total_time": 159.50003743171692}, "mean_batch_process_times": [0.054065361618995667, 0.05408785864710808, 0.054546911269426346, 0.05412131920456886, 0.05460530146956444, 0.0552501380443573, 0.05482710897922516, 0.05589630454778671, 0.05494852364063263, 0.05409840866923332, 0.054474614560604095, 0.0541720949113369, 0.05501839518547058, 0.055667050182819366, 0.05403616279363632, 0.0566144734621048, 0.055016759783029556, 0.0542730987071991, 0.055572450160980225, 0.054092887789011, 0.05422710254788399, 0.0549144446849823, 0.05462570860981941, 0.054227519780397415, 0.05399148166179657, 0.054118990898132324, 0.054385531693696976, 0.0544266551733017, 0.054147299379110336, 0.05428813025355339, 0.054644614458084106, 0.055581726133823395, 0.054251424968242645, 0.054237302392721176, 0.05443631857633591, 0.054446905851364136, 0.05409009009599686, 0.05424533411860466, 0.05413983017206192, 0.0543232187628746, 0.05450369045138359, 0.05424247309565544, 0.054618384689092636, 0.05420367419719696, 0.05458448454737663, 0.054612819105386734, 0.05486155301332474, 0.054317791014909744, 0.05450523644685745, 0.0552854984998703, 0.05515946075320244, 0.05418478325009346, 0.05481699854135513, 0.05581556633114815, 0.05406776815652847, 0.05420120432972908, 0.05422934889793396, 0.05489644408226013, 0.05519784986972809, 0.05539155378937721, 0.054434727877378464, 0.054591741412878036, 0.05412713438272476, 0.05526932701468468, 0.05500210076570511, 0.05651801824569702, 0.054182201623916626, 0.05494707077741623, 0.05481896921992302, 0.05415051802992821, 0.05470430850982666, 0.054257385432720184, 0.05509944260120392, 0.05425005778670311, 0.0545000359416008, 0.0545877069234848, 0.05549928545951843, 0.05431315302848816, 0.05476677790284157, 0.05556689575314522, 0.0546477846801281, 0.05422920361161232, 0.054434116929769516, 0.055398259311914444, 0.054779306054115295, 0.05418724566698074, 0.05421708896756172, 0.05481105297803879, 0.057042110711336136, 0.05489284545183182, 0.05412616208195686, 0.05414131283760071, 0.055398281663656235, 0.05456356331706047, 0.054469406604766846, 0.054157555103302, 0.054981108754873276, 0.05535535886883736, 0.054318901151418686, 0.054810598492622375, 0.055916834622621536, 0.054783791303634644, 0.05433052405714989, 0.05427289381623268, 0.05420389026403427, 0.05435355380177498, 0.05436889827251434, 0.05443524941802025, 0.055139314383268356, 0.0543753057718277, 0.05412569269537926, 0.05455513298511505, 0.0562867745757103, 0.05469960719347, 0.05597875639796257, 0.054086897522211075, 0.05491579324007034, 0.054249923676252365, 0.05410993844270706, 0.05411534383893013, 0.054142870008945465, 0.05420435965061188, 0.05442741885781288, 0.05555186793208122, 0.055669110268354416, 0.05578571557998657, 0.05484188348054886, 0.055706582963466644, 0.05496373772621155, 0.054898951202631, 0.054114487022161484, 0.054438963532447815, 0.05482683330774307, 0.056496765464544296, 0.05458739399909973, 0.05436478182673454, 0.05434231832623482, 0.05545332655310631, 0.05546693876385689, 0.05467674136161804, 0.0549965426325798, 0.05428255349397659, 0.05488291755318642, 0.05452973395586014, 0.05516797676682472, 0.054920513182878494, 0.05415041372179985, 0.05416305735707283, 0.0541050024330616, 0.05432023108005524]}