{"batch": {"label": "batch", "average_duration": 0.5288662660717386, "n_events": 19599, "total_time": 10365.249948740005}, "batch.accumulate": {"label": "batch.accumulate", "average_duration": 0.004958623550067027, "n_events": 19599, "total_time": 97.18406295776367}, "batch.backward": {"label": "batch.backward", "average_duration": 0.1426553642502232, "n_events": 19599, "total_time": 2795.9024839401245}, "batch.evaluate": {"label": "batch.evaluate", "average_duration": 0.0007035619136332078, "n_events": 19599, "total_time": 13.789109945297241}, "batch.forward": {"label": "batch.forward", "average_duration": 0.06584960529102198, "n_events": 19599, "total_time": 1290.5864140987396}, "batch.process": {"label": "batch.process", "average_duration": 0.4746064902799544, "n_events": 19599, "total_time": 9301.812602996826}, "batch.reduce": {"label": "batch.reduce", "average_duration": 0.028289458807515055, "n_events": 19599, "total_time": 554.4451031684875}, "batch.step": {"label": "batch.step", "average_duration": 0.025834072499294914, "n_events": 19599, "total_time": 506.32198691368103}, "epoch_metrics.collect": {"label": "epoch_metrics.collect", "average_duration": 0.0014587700969040996, "n_events": 99, "total_time": 0.14441823959350586}, "reduce.allreduce": {"label": "reduce.allreduce", "average_duration": 0.02636027752157924, "n_events": 19599, "total_time": 516.6350791454315}, "reduce.flat_pack": {"label": "reduce.flat_pack", "average_duration": 0.001775309275447048, "n_events": 19599, "total_time": 34.794286489486694}, "test.last": {"label": "test.last", "average_duration": 2.8167620620342215, "n_events": 99, "total_time": 278.85944414138794}}