{"batch": {"label": "batch", "average_duration": 0.5290152093051459, "n_events": 19599, "total_time": 10368.169087171555}, "batch.accumulate": {"label": "batch.accumulate", "average_duration": 0.005049404316249201, "n_events": 19599, "total_time": 98.96327519416809}, "batch.backward": {"label": "batch.backward", "average_duration": 0.05913834983253061, "n_events": 19599, "total_time": 1159.0525183677673}, "batch.evaluate": {"label": "batch.evaluate", "average_duration": 0.0007746657325732562, "n_events": 19599, "total_time": 15.182673692703247}, "batch.forward": {"label": "batch.forward", "average_duration": 0.027097782727875108, "n_events": 19599, "total_time": 531.0894436836243}, "batch.process": {"label": "batch.process", "average_duration": 0.3480820253410049, "n_events": 19599, "total_time": 6822.059614658356}, "batch.reduce": {"label": "batch.reduce", "average_duration": 0.15968299728308694, "n_events": 19599, "total_time": 3129.6270637512207}, "batch.step": {"label": "batch.step", "average_duration": 0.021127864118558826, "n_events": 19599, "total_time": 414.0850088596344}, "epoch_metrics.collect": {"label": "epoch_metrics.collect", "average_duration": 0.001461517931234957, "n_events": 99, "total_time": 0.14469027519226074}, "reduce.allreduce": {"label": "reduce.allreduce", "average_duration": 0.15780576897358442, "n_events": 19599, "total_time": 3092.8352661132812}, "reduce.flat_pack": {"label": "reduce.flat_pack", "average_duration": 0.0017288383570694974, "n_events": 19599, "total_time": 33.88350296020508}, "test.last": {"label": "test.last", "average_duration": 4.363264045330009, "n_events": 99, "total_time": 431.9631404876709}}