{"batch": {"label": "batch", "average_duration": 0.3268548432221733, "n_events": 29399, "total_time": 9609.205535888672}, "batch.accumulate": {"label": "batch.accumulate", "average_duration": 0.013991628472847762, "n_events": 29399, "total_time": 411.33988547325134}, "batch.backward": {"label": "batch.backward", "average_duration": 0.02342096147595946, "n_events": 29399, "total_time": 688.5528464317322}, "batch.evaluate": {"label": "batch.evaluate", "average_duration": 0.11176512700294353, "n_events": 29399, "total_time": 3285.7829687595367}, "batch.forward": {"label": "batch.forward", "average_duration": 0.019230633310089427, "n_events": 29399, "total_time": 565.3613886833191}, "batch.process": {"label": "batch.process", "average_duration": 0.2793816093879637, "n_events": 29399, "total_time": 8213.539934396744}, "batch.reduce": {"label": "batch.reduce", "average_duration": 0.01752800945359966, "n_events": 29399, "total_time": 515.3059499263763}, "batch.step": {"label": "batch.step", "average_duration": 0.029805683628215795, "n_events": 29399, "total_time": 876.2572929859161}, "epoch_metrics.collect": {"label": "epoch_metrics.collect", "average_duration": 0.0014430852544387715, "n_events": 149, "total_time": 0.21501970291137695}, "reduce.allreduce": {"label": "reduce.allreduce", "average_duration": 0.016054529588868608, "n_events": 29399, "total_time": 471.9871153831482}, "reduce.flat_pack": {"label": "reduce.flat_pack", "average_duration": 0.0013207927350791287, "n_events": 29399, "total_time": 38.82998561859131}, "test.last": {"label": "test.last", "average_duration": 3.354157086186761, "n_events": 149, "total_time": 499.7694058418274}, "mean_batch_process_times": [0.3348698318004608, 0.2951253652572632, 0.28056684136390686, 0.27819231152534485, 0.27942603826522827, 0.2799839973449707, 0.2782885730266571, 0.27820244431495667, 0.27829280495643616, 0.2801586091518402, 0.2791621685028076, 0.27772578597068787, 0.27980756759643555, 0.27937570214271545, 0.27814650535583496, 0.2784319221973419, 0.27842605113983154, 0.2782706320285797, 0.278009831905365, 0.27797624468803406, 0.27918630838394165, 0.2794421315193176, 0.27805542945861816, 0.2785308063030243, 0.27965837717056274, 0.27836495637893677, 0.27994346618652344, 0.27979931235313416, 0.27951523661613464, 0.2784130871295929, 0.2795787751674652, 0.2786317765712738, 0.2782602906227112, 0.27983358502388, 0.2796609103679657, 0.27839526534080505, 0.278178334236145, 0.27863872051239014, 0.27998480200767517, 0.278290331363678, 0.28067198395729065, 0.2780665457248688, 0.2781219482421875, 0.2796597182750702, 0.2794753909111023, 0.2779870331287384, 0.2780665159225464, 0.27985426783561707, 0.2794581651687622, 0.27989813685417175, 0.2779023051261902, 0.27839696407318115, 0.2794758379459381, 0.2798791527748108, 0.27973154187202454, 0.2777664363384247, 0.27964815497398376, 0.2779209613800049, 0.27938657999038696, 0.28151559829711914, 0.2791338264942169, 0.27962473034858704, 0.27764466404914856, 0.2797546088695526, 0.27813974022865295, 0.2798404097557068, 0.28055042028427124, 0.27832454442977905, 0.2783879339694977, 0.2799580693244934, 0.27840694785118103, 0.2780635952949524, 0.27983471751213074, 0.2781780958175659, 0.2794753313064575, 0.2797495126724243, 0.278827041387558, 0.27827221155166626, 0.2792346477508545, 0.2783969044685364, 0.2795850336551666, 0.2796342670917511, 0.2778246998786926, 0.2790057361125946, 0.27849656343460083, 0.2795211672782898, 0.27937355637550354, 0.27846860885620117, 0.2778763771057129, 0.2792500853538513, 0.2784441113471985, 0.2795119881629944, 0.2786445915699005, 0.2802487909793854, 0.2781609892845154, 0.27860355377197266, 0.2782919406890869, 0.27937158942222595, 0.2800484597682953, 0.2783345580101013, 0.2782787084579468, 0.28024399280548096, 0.27824506163597107, 0.27806946635246277, 0.2795318067073822, 0.2776721119880676, 0.2793816328048706, 0.2779463827610016, 0.27878281474113464, 0.28035032749176025, 0.28023719787597656, 0.277818500995636, 0.2776465117931366, 0.2781868278980255, 0.2785969078540802, 0.2782093584537506, 0.2801646590232849, 0.277756929397583, 0.27821022272109985, 0.27828046679496765, 0.27802005410194397, 0.27816033363342285, 0.2782585620880127, 0.2796061933040619, 0.27646714448928833, 0.27938011288642883, 0.2771463096141815, 0.2795913815498352, 0.27787086367607117, 0.2794342637062073, 0.27946123480796814, 0.27768275141716003, 0.28002533316612244, 0.2779160737991333, 0.2784283459186554, 0.27832600474357605, 0.2805720269680023, 0.2787483036518097, 0.27828407287597656, 0.2795368432998657, 0.27925994992256165, 0.27949258685112, 0.2778070271015167, 0.28035593032836914, 0.2797621488571167, 0.2779248356819153, 0.27975893020629883, 0.2780480980873108, 0.2800394892692566, 0.27837079763412476]}