{"batch": {"label": "batch", "average_duration": 0.32632257056936137, "n_events": 29399, "total_time": 9593.557252168655}, "batch.accumulate": {"label": "batch.accumulate", "average_duration": 0.008838161034926115, "n_events": 29399, "total_time": 259.83309626579285}, "batch.backward": {"label": "batch.backward", "average_duration": 0.1789550844911548, "n_events": 29399, "total_time": 5261.10052895546}, "batch.evaluate": {"label": "batch.evaluate", "average_duration": 0.0008885898477848932, "n_events": 29399, "total_time": 26.123652935028076}, "batch.forward": {"label": "batch.forward", "average_duration": 0.08152549233321912, "n_events": 29399, "total_time": 2396.767949104309}, "batch.process": {"label": "batch.process", "average_duration": 0.2784207398163437, "n_events": 29399, "total_time": 8185.291329860687}, "batch.reduce": {"label": "batch.reduce", "average_duration": 0.031157450041943997, "n_events": 29399, "total_time": 915.9978737831116}, "batch.step": {"label": "batch.step", "average_duration": 0.016661073144647823, "n_events": 29399, "total_time": 489.81888937950134}, "epoch_metrics.collect": {"label": "epoch_metrics.collect", "average_duration": 0.0016221920115835715, "n_events": 149, "total_time": 0.24170660972595215}, "reduce.allreduce": {"label": "reduce.allreduce", "average_duration": 0.029874537274068608, "n_events": 29399, "total_time": 878.281521320343}, "reduce.flat_pack": {"label": "reduce.flat_pack", "average_duration": 0.0011920677471689645, "n_events": 29399, "total_time": 35.045599699020386}, "test.last": {"label": "test.last", "average_duration": 3.4030692561360816, "n_events": 149, "total_time": 507.0573191642761}, "mean_batch_process_times": [0.22565016150474548, 0.2630390524864197, 0.2737526297569275, 0.28123778104782104, 0.2809198498725891, 0.2758060097694397, 0.2779039442539215, 0.27820640802383423, 0.28215962648391724, 0.2783457338809967, 0.2777157723903656, 0.28095513582229614, 0.2792060673236847, 0.2771923243999481, 0.2772870659828186, 0.27856844663619995, 0.2780277132987976, 0.2782824635505676, 0.2789391577243805, 0.2804502248764038, 0.27789515256881714, 0.27592816948890686, 0.28056395053863525, 0.2832542657852173, 0.27567294239997864, 0.2819007635116577, 0.28043702244758606, 0.2780678868293762, 0.27653801441192627, 0.27953243255615234, 0.27784329652786255, 0.2785053849220276, 0.28127792477607727, 0.27989116311073303, 0.2761550545692444, 0.27972349524497986, 0.27876824140548706, 0.28006088733673096, 0.2780519127845764, 0.2841540277004242, 0.275262713432312, 0.2778758406639099, 0.28166183829307556, 0.2792726159095764, 0.27573660016059875, 0.27775418758392334, 0.28221428394317627, 0.2792123258113861, 0.2778594195842743, 0.2769501209259033, 0.2793671488761902, 0.28220134973526, 0.27724117040634155, 0.27945995330810547, 0.2775699496269226, 0.2807055413722992, 0.277105450630188, 0.28287896513938904, 0.28103581070899963, 0.27708226442337036, 0.28049346804618835, 0.27685651183128357, 0.2797974944114685, 0.27667075395584106, 0.28099939227104187, 0.2794434726238251, 0.27691543102264404, 0.2804756760597229, 0.2803952991962433, 0.2771821618080139, 0.2793538570404053, 0.27944573760032654, 0.2779032289981842, 0.2805574834346771, 0.27874621748924255, 0.2754809260368347, 0.27982833981513977, 0.2828916609287262, 0.2775903642177582, 0.2798231244087219, 0.27876710891723633, 0.277060866355896, 0.2816198766231537, 0.27698057889938354, 0.2790589928627014, 0.2796112596988678, 0.27708423137664795, 0.27859169244766235, 0.2828533947467804, 0.27961575984954834, 0.2769741415977478, 0.2770647406578064, 0.27966782450675964, 0.2768456041812897, 0.27883827686309814, 0.2805575132369995, 0.280871719121933, 0.27854123711586, 0.2760569751262665, 0.27808505296707153, 0.2818567156791687, 0.2754972279071808, 0.2781481146812439, 0.28375446796417236, 0.27737441658973694, 0.2801269292831421, 0.2765234410762787, 0.2830060124397278, 0.2811834514141083, 0.27568987011909485, 0.27663859724998474, 0.2789437174797058, 0.2816160321235657, 0.2774239480495453, 0.2759593725204468, 0.2791482210159302, 0.2751675546169281, 0.28093746304512024, 0.2783268094062805, 0.27846771478652954, 0.27838021516799927, 0.27820339798927307, 0.280743271112442, 0.27687618136405945, 0.2787063419818878, 0.2770136594772339, 0.2811988294124603, 0.27557820081710815, 0.2810128629207611, 0.2769944369792938, 0.27668869495391846, 0.28045499324798584, 0.2765001058578491, 0.2776818871498108, 0.2814384996891022, 0.2812974750995636, 0.27763548493385315, 0.27910396456718445, 0.2804604470729828, 0.2796438932418823, 0.2782967686653137, 0.2784248888492584, 0.28017458319664, 0.27911096811294556, 0.2762773036956787, 0.2816164493560791, 0.27722522616386414, 0.2794535160064697, 0.27804499864578247, 0.28092318773269653]}