{"batch": {"label": "batch", "average_duration": 0.04422335663823269, "n_events": 11699, "total_time": 517.3690493106842}, "batch.accumulate": {"label": "batch.accumulate", "average_duration": 0.0010477728655790915, "n_events": 11699, "total_time": 12.25789475440979}, "batch.backward": {"label": "batch.backward", "average_duration": 0.007600576350378964, "n_events": 11699, "total_time": 88.9191427230835}, "batch.evaluate": {"label": "batch.evaluate", "average_duration": 0.01783511646589323, "n_events": 11699, "total_time": 208.65302753448486}, "batch.forward": {"label": "batch.forward", "average_duration": 0.004837796610434327, "n_events": 11699, "total_time": 56.59738254547119}, "batch.reduce": {"label": "batch.reduce", "average_duration": 0.0037408002839861634, "n_events": 11699, "total_time": 43.763622522354126}, "batch.step": {"label": "batch.step", "average_duration": 0.006144381250129906, "n_events": 11699, "total_time": 71.88311624526978}, "epoch_metrics.collect": {"label": "epoch_metrics.collect", "average_duration": 0.08374469712276587, "n_events": 149, "total_time": 12.477959871292114}, "reduce.allreduce": {"label": "reduce.allreduce", "average_duration": 0.0033863161820531433, "n_events": 11699, "total_time": 39.61651301383972}, "reduce.flat_pack": {"label": "reduce.flat_pack", "average_duration": 0.00027289956296057833, "n_events": 11699, "total_time": 3.1926519870758057}, "test.last": {"label": "test.last", "average_duration": 1.0082171987367157, "n_events": 149, "total_time": 150.22436261177063}}