{"batch": {"label": "batch", "average_duration": 0.1312679397070425, "n_events": 11699, "total_time": 1535.7036266326904}, "batch.accumulate": {"label": "batch.accumulate", "average_duration": 0.0011787713108964328, "n_events": 11699, "total_time": 13.790445566177368}, "batch.backward": {"label": "batch.backward", "average_duration": 0.06659334858764654, "n_events": 11699, "total_time": 779.0755851268768}, "batch.evaluate": {"label": "batch.evaluate", "average_duration": 0.0009588915442328075, "n_events": 11699, "total_time": 11.218072175979614}, "batch.forward": {"label": "batch.forward", "average_duration": 0.034160175510161615, "n_events": 11699, "total_time": 399.63989329338074}, "batch.reduce": {"label": "batch.reduce", "average_duration": 0.017641223407278753, "n_events": 11699, "total_time": 206.38467264175415}, "batch.step": {"label": "batch.step", "average_duration": 0.00723594944235993, "n_events": 11699, "total_time": 84.65337252616882}, "epoch_metrics.collect": {"label": "epoch_metrics.collect", "average_duration": 0.0016841488396561386, "n_events": 149, "total_time": 0.25093817710876465}, "reduce.allreduce": {"label": "reduce.allreduce", "average_duration": 0.016689270008770928, "n_events": 11699, "total_time": 195.24776983261108}, "reduce.flat_pack": {"label": "reduce.flat_pack", "average_duration": 0.0008432977637100122, "n_events": 11699, "total_time": 9.865740537643433}, "test.last": {"label": "test.last", "average_duration": 1.0568708125376862, "n_events": 149, "total_time": 157.47375106811523}}