{"batch": {"label": "batch", "average_duration": 0.06552250669369013, "n_events": 29399, "total_time": 1926.296174287796}, "batch.accumulate": {"label": "batch.accumulate", "average_duration": 0.0011269758986739052, "n_events": 29399, "total_time": 33.131964445114136}, "batch.backward": {"label": "batch.backward", "average_duration": 0.02311811025760876, "n_events": 29399, "total_time": 679.6493234634399}, "batch.evaluate": {"label": "batch.evaluate", "average_duration": 0.0008484933963377154, "n_events": 29399, "total_time": 24.944857358932495}, "batch.forward": {"label": "batch.forward", "average_duration": 0.013134893306546757, "n_events": 29399, "total_time": 386.1527283191681}, "batch.process": {"label": "batch.process", "average_duration": 0.041554846412134215, "n_events": 29399, "total_time": 1221.6709296703339}, "batch.reduce": {"label": "batch.reduce", "average_duration": 0.017590197110939215, "n_events": 29399, "total_time": 517.134204864502}, "batch.step": {"label": "batch.step", "average_duration": 0.0062807788126784695, "n_events": 29399, "total_time": 184.64861631393433}, "epoch_metrics.collect": {"label": "epoch_metrics.collect", "average_duration": 0.0013753583767270082, "n_events": 149, "total_time": 0.20492839813232422}, "reduce.allreduce": {"label": "reduce.allreduce", "average_duration": 0.01667455205414878, "n_events": 29399, "total_time": 490.21515583992004}, "reduce.flat_pack": {"label": "reduce.flat_pack", "average_duration": 0.0008170493764412468, "n_events": 29399, "total_time": 24.020434617996216}, "test.last": {"label": "test.last", "average_duration": 1.2314840435181689, "n_events": 149, "total_time": 183.49112248420715}, "mean_batch_process_times": [0.03632229566574097, 0.04000211879611015, 0.040728241205215454, 0.04196641221642494, 0.03998639062047005, 0.041135165840387344, 0.04069679602980614, 0.041032709181308746, 0.04208593815565109, 0.04276143014431, 0.04031716659665108, 0.04152851924300194, 0.040914274752140045, 0.04101673141121864, 0.041293393820524216, 0.04213816300034523, 0.043516602367162704, 0.04152793437242508, 0.03994540870189667, 0.04084576666355133, 0.04142798110842705, 0.041178785264492035, 0.0411764457821846, 0.04111851379275322, 0.04335276782512665, 0.04157598316669464, 0.043400540947914124, 0.04086720198392868, 0.04199173301458359, 0.041434235870838165, 0.04152507334947586, 0.040423065423965454, 0.04150405153632164, 0.0419776514172554, 0.04141749069094658, 0.04092344641685486, 0.04300268739461899, 0.04249070957303047, 0.04172187298536301, 0.041855987161397934, 0.04032163321971893, 0.040771812200546265, 0.042453158646821976, 0.04161597043275833, 0.0421709269285202, 0.04197308421134949, 0.04117557033896446, 0.041551683098077774, 0.04239366203546524, 0.04026326537132263, 0.04101645201444626, 0.04088156670331955, 0.04125847667455673, 0.04282578080892563, 0.04054460674524307, 0.04171238839626312, 0.04167880117893219, 0.041994571685791016, 0.040849409997463226, 0.0417109839618206, 0.0430617555975914, 0.042120929807424545, 0.04125311225652695, 0.03995220363140106, 0.04131957143545151, 0.04133806377649307, 0.04178433492779732, 0.04372214898467064, 0.042371928691864014, 0.04271208494901657, 0.041310012340545654, 0.04281473159790039, 0.04036762937903404, 0.04109681397676468, 0.04173916578292847, 0.0407317578792572, 0.043854910880327225, 0.041962772607803345, 0.040678828954696655, 0.042701032012701035, 0.04371115565299988, 0.04052538797259331, 0.04066558554768562, 0.04297380894422531, 0.04042116180062294, 0.04199692979454994, 0.04324828088283539, 0.0399290956556797, 0.04083377122879028, 0.04339604824781418, 0.042159464210271835, 0.041253961622714996, 0.040247052907943726, 0.04076341167092323, 0.04241235926747322, 0.04116282984614372, 0.040854256600141525, 0.04243471845984459, 0.04102764651179314, 0.040960993617773056, 0.043417539447546005, 0.03991210088133812, 0.0419013537466526, 0.041180387139320374, 0.04279378429055214, 0.040906909853219986, 0.040636058896780014, 0.04112432152032852, 0.04093798249959946, 0.041552793234586716, 0.041976477950811386, 0.042172469198703766, 0.04073918238282204, 0.04147600382566452, 0.0437743104994297, 0.04192313924431801, 0.04162623733282089, 0.041647329926490784, 0.04056795313954353, 0.04140729084610939, 0.04119133576750755, 0.041507381945848465, 0.04200882464647293, 0.043256957083940506, 0.04171793535351753, 0.039840731769800186, 0.04087230563163757, 0.04206300899386406, 0.04100947454571724, 0.041243571788072586, 0.04145892336964607, 0.040946561843156815, 0.04121863842010498, 0.042712919414043427, 0.04316788911819458, 0.04009239748120308, 0.04190342500805855, 0.04255589470267296, 0.04221317917108536, 0.04181648790836334, 0.04213843122124672, 0.04364161193370819, 0.0414397306740284, 0.041100699454545975, 0.042197830975055695, 0.04090598225593567, 0.04101287201046944, 0.04133936017751694, 0.04159906879067421, 0.042221713811159134]}