{"batch": {"label": "batch", "average_duration": 0.05065916538189867, "n_events": 29399, "total_time": 1489.328803062439}, "batch.accumulate": {"label": "batch.accumulate", "average_duration": 0.0010489596530342473, "n_events": 29399, "total_time": 30.838364839553833}, "batch.backward": {"label": "batch.backward", "average_duration": 0.007682121425685625, "n_events": 29399, "total_time": 225.8466877937317}, "batch.evaluate": {"label": "batch.evaluate", "average_duration": 0.015139908955865112, "n_events": 29399, "total_time": 445.0981833934784}, "batch.forward": {"label": "batch.forward", "average_duration": 0.004650284844258394, "n_events": 29399, "total_time": 136.71372413635254}, "batch.process": {"label": "batch.process", "average_duration": 0.041624471984666574, "n_events": 29399, "total_time": 1223.7178518772125}, "batch.reduce": {"label": "batch.reduce", "average_duration": 0.0033690497649681438, "n_events": 29399, "total_time": 99.04669404029846}, "batch.step": {"label": "batch.step", "average_duration": 0.0055859266744551555, "n_events": 29399, "total_time": 164.22065830230713}, "epoch_metrics.collect": {"label": "epoch_metrics.collect", "average_duration": 0.0016311191072399985, "n_events": 149, "total_time": 0.24303674697875977}, "reduce.allreduce": {"label": "reduce.allreduce", "average_duration": 0.0030364249570786804, "n_events": 29399, "total_time": 89.26785731315613}, "reduce.flat_pack": {"label": "reduce.flat_pack", "average_duration": 0.0002557018540449631, "n_events": 29399, "total_time": 7.517378807067871}, "test.last": {"label": "test.last", "average_duration": 1.2121393312543831, "n_events": 149, "total_time": 180.60876035690308}, "mean_batch_process_times": [0.04407498240470886, 0.042541518807411194, 0.04154730215668678, 0.041282765567302704, 0.04130784049630165, 0.04141839221119881, 0.041336264461278915, 0.041296668350696564, 0.04110977053642273, 0.04107964038848877, 0.041529957205057144, 0.04131536930799484, 0.04150177538394928, 0.04130866006016731, 0.04171842709183693, 0.04141964018344879, 0.041098855435848236, 0.041630856692790985, 0.041267916560173035, 0.04142739623785019, 0.041560590267181396, 0.041342176496982574, 0.04289164021611214, 0.04117702320218086, 0.04083820804953575, 0.04154277592897415, 0.04190993309020996, 0.04164477437734604, 0.04154212027788162, 0.04161779582500458, 0.04190447926521301, 0.041290003806352615, 0.041302621364593506, 0.04179916903376579, 0.04159412905573845, 0.0412590429186821, 0.04115031287074089, 0.042530886828899384, 0.04184501990675926, 0.04212993010878563, 0.04126230999827385, 0.041179753839969635, 0.04127981886267662, 0.04135232791304588, 0.04229353740811348, 0.0429631806910038, 0.041356511414051056, 0.04142151027917862, 0.04135392606258392, 0.041284579783678055, 0.04134218394756317, 0.041362520307302475, 0.04127556458115578, 0.04115189239382744, 0.041341714560985565, 0.04194905608892441, 0.04151935502886772, 0.04123816266655922, 0.0420340858399868, 0.04184288531541824, 0.04170913249254227, 0.041765179485082626, 0.04154625162482262, 0.04119369387626648, 0.0412265881896019, 0.0421726368367672, 0.041484080255031586, 0.04139968007802963, 0.04256642609834671, 0.042518213391304016, 0.041500337421894073, 0.04149041324853897, 0.04239748418331146, 0.04127207025885582, 0.041283104568719864, 0.04145430773496628, 0.04184588044881821, 0.04318670183420181, 0.041386574506759644, 0.04229055717587471, 0.04155900329351425, 0.042224496603012085, 0.04172839596867561, 0.041783418506383896, 0.04132510721683502, 0.04158797860145569, 0.04231635853648186, 0.04161322861909866, 0.04190162196755409, 0.04098132625222206, 0.0419287383556366, 0.04175213351845741, 0.041212256997823715, 0.041378140449523926, 0.041017141193151474, 0.04117201268672943, 0.041357189416885376, 0.04119010642170906, 0.04160398617386818, 0.041293833404779434, 0.041606735438108444, 0.04228387027978897, 0.04186578094959259, 0.04135547950863838, 0.04173973202705383, 0.041778866201639175, 0.04130007326602936, 0.041148841381073, 0.041321516036987305, 0.041309576481580734, 0.04128175973892212, 0.0416414700448513, 0.041461747139692307, 0.04121672734618187, 0.04135936498641968, 0.04254898801445961, 0.04222947359085083, 0.041837241500616074, 0.041418008506298065, 0.04128124564886093, 0.04140082001686096, 0.04153777286410332, 0.04123607277870178, 0.04165714606642723, 0.04159322753548622, 0.04236123338341713, 0.04195467755198479, 0.04228818789124489, 0.04145040363073349, 0.04103194177150726, 0.04099183529615402, 0.041539255529642105, 0.0411718413233757, 0.04128506779670715, 0.040948536247015, 0.04137318953871727, 0.04119792580604553, 0.041754383593797684, 0.04173232242465019, 0.04237512871623039, 0.04207208752632141, 0.04199445620179176, 0.04347841069102287, 0.04249246045947075, 0.042181987315416336, 0.04138700291514397, 0.04128625988960266, 0.04169132933020592, 0.04172240570187569, 0.04104297608137131]}