{"batch": {"label": "batch", "average_duration": 0.39658148679582916, "n_events": 19599, "total_time": 7772.600559711456}, "batch.accumulate": {"label": "batch.accumulate", "average_duration": 0.004384401361701063, "n_events": 19599, "total_time": 85.92988228797913}, "batch.backward": {"label": "batch.backward", "average_duration": 0.15261701787209667, "n_events": 19599, "total_time": 2991.140933275223}, "batch.evaluate": {"label": "batch.evaluate", "average_duration": 0.0006960688382303528, "n_events": 19599, "total_time": 13.642253160476685}, "batch.forward": {"label": "batch.forward", "average_duration": 0.07039558013438375, "n_events": 19599, "total_time": 1379.6829750537872}, "batch.process": {"label": "batch.process", "average_duration": 0.33954860762775146, "n_events": 19599, "total_time": 6654.813160896301}, "batch.reduce": {"label": "batch.reduce", "average_duration": 0.029476141052541944, "n_events": 19599, "total_time": 577.7028884887695}, "batch.step": {"label": "batch.step", "average_duration": 0.027407874537460707, "n_events": 19599, "total_time": 537.1669330596924}, "epoch_metrics.collect": {"label": "epoch_metrics.collect", "average_duration": 0.0015326100166397866, "n_events": 99, "total_time": 0.15172839164733887}, "reduce.allreduce": {"label": "reduce.allreduce", "average_duration": 0.027558251919627914, "n_events": 19599, "total_time": 540.1141793727875}, "reduce.flat_pack": {"label": "reduce.flat_pack", "average_duration": 0.0017462782886808177, "n_events": 19599, "total_time": 34.22530817985535}, "test.last": {"label": "test.last", "average_duration": 2.958032740486993, "n_events": 99, "total_time": 292.8452413082123}}