{"batch": {"label": "batch", "average_duration": 0.3955027266019242, "n_events": 19599, "total_time": 7751.457938671112}, "batch.accumulate": {"label": "batch.accumulate", "average_duration": 0.0026189030977626063, "n_events": 19599, "total_time": 51.327881813049316}, "batch.backward": {"label": "batch.backward", "average_duration": 0.022813198523738202, "n_events": 19599, "total_time": 447.115877866745}, "batch.evaluate": {"label": "batch.evaluate", "average_duration": 0.173608414913551, "n_events": 19599, "total_time": 3402.551323890686}, "batch.forward": {"label": "batch.forward", "average_duration": 0.012971265296910733, "n_events": 19599, "total_time": 254.22382855415344}, "batch.process": {"label": "batch.process", "average_duration": 0.21905338420534118, "n_events": 19599, "total_time": 4293.227277040482}, "batch.reduce": {"label": "batch.reduce", "average_duration": 0.00869698059535147, "n_events": 19599, "total_time": 170.45212268829346}, "batch.step": {"label": "batch.step", "average_duration": 0.16767362726179336, "n_events": 19599, "total_time": 3286.235420703888}, "epoch_metrics.collect": {"label": "epoch_metrics.collect", "average_duration": 0.020059766191424744, "n_events": 99, "total_time": 1.9859168529510498}, "reduce.allreduce": {"label": "reduce.allreduce", "average_duration": 0.008004212550979724, "n_events": 19599, "total_time": 156.8745617866516}, "reduce.flat_pack": {"label": "reduce.flat_pack", "average_duration": 0.0006115895776433832, "n_events": 19599, "total_time": 11.986544132232666}, "test.last": {"label": "test.last", "average_duration": 2.8730674632871995, "n_events": 99, "total_time": 284.43367886543274}}